Price,Area,Age,Tenure,Purchaser,Region
1900000.0,1184.04,17,Leasehold,Private,Southern Islands
3130000.0,1345.5,28,Freehold,HDB,Others
1850000.0,839.59,3,Leasehold,HDB,Queenstown
1820000.0,1237.86,25,Freehold,Private,Bukit Timah
3635000.0,1420.85,12,Freehold,Private,River Valley
2250000.0,1280.92,22,Leasehold,Private,Novena
818000.0,473.62,8,Freehold,HDB,Geylang
2840000.0,1550.02,15,Freehold,Private,Kallang
1880000.0,904.18,1,Leasehold,Private,Bishan
1860000.0,1194.8,20,Leasehold,Private,Bishan
1700000.0,893.41,16,Leasehold,Private,Kallang
1650000.0,1151.75,19,Leasehold,Private,Bukit Timah
3180000.0,1668.42,27,Leasehold,Private,Tanglin
2500000.0,1291.68,13,Leasehold,Private,Geylang
2500000.0,1334.74,15,Leasehold,Private,Southern Islands
2420000.0,1227.1,15,Freehold,Private,Bukit Timah
1430000.0,968.76,23,Leasehold,Private,Queenstown
1380000.0,828.83,20,Leasehold,HDB,Kallang
1100000.0,581.26,12,Leasehold,HDB,Novena
7190000.0,2680.24,7,Leasehold,Private,Bukit Merah
1600000.0,861.12,17,Leasehold,HDB,Bukit Timah
848888.0,419.8,4,Leasehold,Private,Kallang
3730000.0,3089.27,45,Freehold,Private,Bukit Timah
1428000.0,785.77,19,Freehold,Private,Tanglin
984000.0,462.85,2,Leasehold,HDB,Toa Payoh
4180000.0,2411.14,31,Freehold,Private,Kallang
3850000.0,1700.71,26,Freehold,Private,Tanglin
920000.0,570.49,7,Leasehold,HDB,Toa Payoh
2250000.0,1151.75,10,Leasehold,Private,Geylang
1730000.0,1011.82,8,Leasehold,Private,Bishan
928888.0,462.85,6,Leasehold,Private,Queenstown
1800000.0,1227.1,27,Leasehold,Private,Bukit Timah
2280000.0,1420.85,25,Freehold,Private,Bukit Timah
1988000.0,904.18,1,Leasehold,Private,Bishan
6950000.0,1743.77,9,Freehold,Private,Newton
6428888.0,2927.81,14,Freehold,Private,Tanglin
3450000.0,1420.85,15,Freehold,Private,Novena
1315000.0,656.6,19,Leasehold,Private,Novena
1250000.0,624.31,7,Leasehold,Private,Tanglin
1870000.0,1044.11,7,Leasehold,HDB,Toa Payoh
2150000.0,1205.57,9,Leasehold,HDB,Bukit Timah
1380000.0,602.78,10,Freehold,Private,Bukit Merah
1500000.0,818.06,24,Leasehold,HDB,Others
1400000.0,958.0,6,Leasehold,HDB,Geylang
1420000.0,807.3,10,Leasehold,Private,Bukit Merah
2070000.0,1323.97,20,Leasehold,HDB,Bishan
2350000.0,1388.56,27,Leasehold,Private,Tanglin
2250000.0,1367.03,16,Leasehold,HDB,Rochor
1230000.0,678.13,4,Leasehold,HDB,Toa Payoh
1600000.0,807.3,3,Leasehold,Private,Queenstown
2300000.0,1065.64,13,Freehold,Private,Marine Parade
17000000.0,6835.14,12,Leasehold,Private,Bukit Merah
888000.0,613.55,6,Leasehold,Private,Geylang
1933308.0,1506.96,29,Leasehold,HDB,Bishan
2168000.0,1001.05,3,Leasehold,Private,Queenstown
2900000.0,1453.14,13,Freehold,Private,Marine Parade
2870000.0,1872.94,10,Leasehold,Private,Bukit Merah
2830000.0,1442.38,18,Freehold,HDB,Bukit Timah
7080000.0,2195.86,14,Freehold,Private,Newton
3690000.0,1754.53,26,Freehold,Private,Tanglin
1160000.0,645.84,9,Leasehold,Private,Bukit Timah
1010000.0,548.96,7,Leasehold,HDB,Tanglin
3300000.0,1506.96,17,Freehold,Private,Bukit Timah
950000.0,484.38,7,Leasehold,HDB,Bishan
1610000.0,1184.04,18,Leasehold,Private,Bishan
3160000.0,1517.72,23,Freehold,Private,Bukit Timah
2750400.0,1539.25,19,Leasehold,Private,Marine Parade
1600000.0,764.24,5,Leasehold,Private,Bukit Merah
1355000.0,742.72,1,Leasehold,HDB,Toa Payoh
980000.0,505.91,5,Leasehold,HDB,Bukit Merah
895000.0,430.56,9,Freehold,HDB,Bukit Merah
2350000.0,1205.57,9,Leasehold,HDB,Bukit Timah
1630000.0,958.0,8,Leasehold,HDB,Bishan
5717000.0,2508.01,10,Leasehold,Private,Southern Islands
1460000.0,775.01,9,Leasehold,HDB,Bukit Timah
1700000.0,893.41,7,Leasehold,Private,Tanglin
4625000.0,2325.02,38,Freehold,Private,Tanglin
1860000.0,1108.69,19,Leasehold,Private,Marine Parade
2700000.0,1194.8,5,Leasehold,Private,Bukit Merah
4910000.0,2626.42,26,Leasehold,Private,Kallang
2080000.0,1216.33,12,Leasehold,HDB,Bishan
1590000.0,753.48,6,Leasehold,HDB,Queenstown
5650000.0,1926.76,13,Freehold,Private,Tanglin
1138000.0,570.49,0,Leasehold,HDB,Bukit Timah
2180000.0,1054.87,4,Leasehold,Private,Toa Payoh
1020000.0,495.14,3,Leasehold,HDB,Queenstown
988000.0,462.85,6,Leasehold,Private,Queenstown
3580000.0,1420.85,12,Freehold,Private,River Valley
1840000.0,1044.11,7,Leasehold,HDB,Toa Payoh
1150000.0,645.84,1,Leasehold,Private,Toa Payoh
1370000.0,592.02,7,Freehold,Private,Tanglin
6300000.0,2443.43,13,Freehold,Private,Marine Parade
1485000.0,839.59,7,Freehold,Private,Queenstown
2230000.0,1313.21,13,Leasehold,Private,Geylang
3600000.0,1474.67,38,Freehold,Private,River Valley
2380000.0,1033.34,16,Freehold,Private,Novena
3490000.0,1743.77,25,Freehold,Private,Marine Parade
4250000.0,1948.28,38,Freehold,Private,Tanglin
2668000.0,2228.15,26,Leasehold,Private,Queenstown
1225000.0,635.08,9,Leasehold,HDB,Bukit Timah
1400000.0,947.23,14,Freehold,HDB,Toa Payoh
1250000.0,925.7,27,Leasehold,Private,Bukit Timah
2880000.0,1356.26,20,Freehold,HDB,Bukit Timah
2100000.0,1485.43,18,Leasehold,HDB,Bishan
1500000.0,871.88,22,Leasehold,Private,Bukit Merah
2810000.0,1603.84,10,Leasehold,Private,Others
1660000.0,1270.15,27,Freehold,Private,Bukit Timah
2600000.0,1291.68,9,Leasehold,Private,Marine Parade
938000.0,462.85,2,Leasehold,Private,Toa Payoh
1500000.0,678.13,2,Leasehold,Private,Toa Payoh
1800000.0,1022.58,8,Leasehold,HDB,Bishan
1380000.0,936.47,16,Leasehold,Private,Rochor
1950000.0,936.47,3,Leasehold,HDB,Queenstown
2320000.0,990.29,11,Freehold,Private,Bukit Timah
2450000.0,1399.32,8,Leasehold,Private,Bishan
1850000.0,1001.05,6,Freehold,HDB,Bukit Timah
1060000.0,484.38,8,Freehold,HDB,Bukit Merah
1720000.0,1108.69,19,Leasehold,Private,Marine Parade
3250000.0,1582.31,25,Freehold,Private,River Valley
3100000.0,1733.0,22,Leasehold,Private,Novena
5534200.0,2508.01,10,Leasehold,Private,Southern Islands
2528000.0,1227.1,30,Freehold,Private,Marine Parade
1385000.0,688.9,6,Leasehold,Private,Queenstown
1939000.0,721.19,2,Freehold,HDB,Bukit Timah
2845000.0,1733.0,14,Leasehold,Private,Bukit Merah
2063000.0,1108.69,1,Leasehold,Private,Toa Payoh
5655300.0,2508.01,10,Leasehold,Private,Southern Islands
1960000.0,1022.58,0,Leasehold,Private,Bukit Timah
945000.0,495.14,5,Leasehold,HDB,Bukit Merah
1700000.0,807.3,5,Leasehold,HDB,Bukit Merah
1750000.0,818.06,7,Freehold,Private,Kallang
1518000.0,958.0,7,Leasehold,Private,Toa Payoh
2215000.0,1227.1,19,Leasehold,Private,Kallang
2300000.0,1130.22,13,Leasehold,HDB,Others
22000000.0,6081.66,11,Freehold,Private,Tanglin
1510000.0,1173.28,22,Leasehold,HDB,Geylang
2330000.0,1065.64,11,Freehold,HDB,River Valley
3650000.0,1485.43,21,Freehold,Private,Others
4900000.0,2034.4,11,Freehold,Private,Newton
2020000.0,1097.93,11,Freehold,Private,Bukit Timah
5726000.0,2529.54,10,Leasehold,Private,Southern Islands
1750000.0,1162.51,30,Leasehold,Private,Bukit Merah
1328000.0,678.13,4,Leasehold,Private,Toa Payoh
1720000.0,764.24,1,Leasehold,HDB,Bishan
2100000.0,1205.57,29,Leasehold,HDB,Bukit Merah
1295000.0,699.66,1,Leasehold,Private,Toa Payoh
4600000.0,3498.3,39,Freehold,Private,Queenstown
2235000.0,1011.82,29,Freehold,Private,Bukit Timah
2486000.0,1280.92,10,Leasehold,Private,Geylang
1720000.0,1076.4,10,Leasehold,HDB,Bukit Merah
2480000.0,1065.64,17,Freehold,Private,Bukit Timah
3215000.0,1646.89,25,Freehold,Private,Marine Parade
890000.0,495.14,1,Leasehold,Private,Toa Payoh
1360000.0,624.31,3,Leasehold,Private,Queenstown
2470000.0,1291.68,4,Leasehold,HDB,Kallang
1755000.0,904.18,19,Leasehold,Private,Bukit Merah
2095000.0,1216.33,12,Leasehold,Private,Bishan
3530000.0,1657.66,13,Freehold,Private,Marine Parade
1560000.0,688.9,6,Leasehold,HDB,Queenstown
800000.0,441.32,7,Leasehold,HDB,Kallang
2080000.0,904.18,5,Leasehold,Private,Bukit Merah
2130000.0,1205.57,16,Freehold,Private,Toa Payoh
1950000.0,1216.33,19,Leasehold,HDB,Kallang
1598000.0,764.24,1,Leasehold,Private,Bishan
1500000.0,796.54,26,Freehold,HDB,Tanglin
1570000.0,936.47,7,Leasehold,HDB,Kallang
2300000.0,1130.22,15,Freehold,Private,Marine Parade
1700000.0,731.95,7,Leasehold,Private,Bukit Merah
1880000.0,1259.39,31,Freehold,Private,Bishan
1395000.0,645.84,1,Leasehold,HDB,Bishan
1500000.0,871.88,2,Leasehold,HDB,Toa Payoh
1700000.0,731.95,7,Leasehold,Private,Bukit Merah
3850000.0,1743.77,14,Freehold,Private,Newton
2300000.0,1571.54,6,Freehold,Private,Bukit Timah
865000.0,419.8,4,Leasehold,HDB,Kallang
1640000.0,893.41,19,Leasehold,Private,Bukit Merah
960000.0,441.32,6,Leasehold,HDB,Queenstown
2500000.0,2023.63,36,Leasehold,HDB,Bishan
1780000.0,1194.8,21,Leasehold,Private,Queenstown
1380000.0,850.36,25,Leasehold,Private,Bukit Merah
2055000.0,1506.96,29,Leasehold,Private,Bishan
1240000.0,699.66,7,Leasehold,HDB,Kallang
1350000.0,775.01,14,Leasehold,Private,Bukit Merah
1445000.0,990.29,18,Leasehold,Private,Kallang
6280000.0,2970.86,12,Leasehold,Private,Southern Islands
4550000.0,2195.86,32,Freehold,Private,Novena
2308000.0,990.29,11,Freehold,HDB,Bukit Timah
2350000.0,882.65,10,Freehold,Private,Newton
2438000.0,1076.4,5,Leasehold,Private,Bukit Merah
2385000.0,1108.69,10,Freehold,HDB,Bukit Timah
1528000.0,678.13,2,Leasehold,Private,Toa Payoh
2820000.0,1593.07,34,Freehold,Private,Bishan
3400000.0,1593.07,25,Freehold,Private,River Valley
3200000.0,1894.46,13,Leasehold,Private,Geylang
1308000.0,635.08,9,Leasehold,Private,Bukit Timah
1412345.0,678.13,7,Leasehold,HDB,Bishan
1700000.0,1044.11,10,Leasehold,HDB,Bukit Merah
1870000.0,1130.22,12,Leasehold,HDB,Toa Payoh
2300000.0,1280.92,19,Leasehold,Private,Bukit Merah
3000000.0,1733.0,13,Leasehold,Private,Southern Islands
1045000.0,613.55,8,Freehold,HDB,Geylang
1645000.0,731.95,7,Freehold,Private,Marine Parade
3488000.0,1528.49,13,Freehold,HDB,Marine Parade
1680000.0,958.0,11,Leasehold,Private,Toa Payoh
1190000.0,678.13,16,Leasehold,Private,Kallang
1375000.0,828.83,7,Freehold,Private,Queenstown
2600000.0,1227.1,5,Leasehold,Private,Bukit Merah
2950000.0,1367.03,25,Freehold,Private,Bukit Timah
3100000.0,1237.86,21,Freehold,Private,Others
2400000.0,1334.74,19,Leasehold,Private,Bukit Merah
2820000.0,1474.67,8,Freehold,Private,Bukit Merah
1172000.0,602.78,7,Leasehold,Private,Tanglin
1210000.0,635.08,9,Leasehold,Private,Bukit Timah
1770000.0,1237.86,19,Leasehold,Private,Geylang
4250000.0,1808.35,37,Freehold,Private,River Valley
3170000.0,1883.7,25,Leasehold,Private,Bukit Timah
3128888.0,2583.36,19,Leasehold,Private,Bukit Merah
2080000.0,1184.04,26,Freehold,Private,Queenstown
2130000.0,1227.1,12,Leasehold,Private,Bukit Merah
4639800.0,2163.56,12,Leasehold,Private,Southern Islands
2600000.0,1388.56,7,Leasehold,Private,Tanglin
2100000.0,1291.68,12,Leasehold,HDB,Bishan
1580000.0,796.54,27,Freehold,Private,Bukit Timah
1790000.0,1033.34,9,Leasehold,HDB,Bukit Timah
820000.0,441.32,6,Leasehold,HDB,Geylang
1933000.0,958.0,19,Freehold,Private,Bukit Timah
1700000.0,1636.13,26,Leasehold,HDB,Queenstown
2910000.0,1765.3,12,Leasehold,HDB,Bishan
960000.0,484.38,7,Leasehold,Private,Bishan
1715000.0,731.95,7,Leasehold,Private,Bukit Merah
2120000.0,1496.2,28,Freehold,Private,Bukit Timah
1940000.0,1173.28,6,Leasehold,HDB,Geylang
3700000.0,2109.74,31,Freehold,HDB,Bukit Timah
3500000.0,1646.89,15,Freehold,Private,Marine Parade
1328000.0,871.88,22,Leasehold,Private,Bukit Merah
2280000.0,1130.22,0,Leasehold,Private,Bukit Timah
808000.0,462.85,7,Leasehold,Private,Toa Payoh
5100000.0,2884.75,8,Freehold,Private,Tanglin
1340000.0,699.66,1,Leasehold,Private,Toa Payoh
1900000.0,1076.4,9,Leasehold,Private,Bukit Timah
1350000.0,742.72,1,Leasehold,HDB,Toa Payoh
1488000.0,710.42,5,Leasehold,Private,Rochor
4500000.0,1550.02,12,Freehold,Private,Newton
1320000.0,882.65,25,Freehold,Private,Bukit Timah
2250000.0,1001.05,19,Freehold,Private,Tanglin
1828000.0,1054.87,13,Freehold,Private,Novena
11680000.0,3347.6,38,Freehold,Private,Newton
2920000.0,1399.32,7,Leasehold,Private,Bukit Merah
2050000.0,1033.34,4,Leasehold,Private,Kallang
1360000.0,699.66,1,Leasehold,Private,Toa Payoh
3218000.0,1786.82,14,Freehold,Private,Bukit Timah
2218888.0,1097.93,1,Leasehold,Private,Toa Payoh
3260000.0,2195.86,8,Leasehold,Private,Bishan
2200000.0,1442.38,28,Leasehold,Private,Bukit Merah
1850000.0,1162.51,30,Leasehold,HDB,Bukit Merah
3140000.0,1829.88,13,Leasehold,Private,Geylang
3900000.0,2238.91,26,Leasehold,Private,Kallang
1240000.0,914.94,20,Leasehold,Private,Bishan
1408000.0,656.6,0,Leasehold,HDB,Queenstown
2248000.0,1011.82,1,Leasehold,Private,Bishan
4163000.0,1905.23,10,Leasehold,Private,Southern Islands
2338388.0,1528.49,27,Leasehold,Private,Kallang
1818000.0,1313.21,36,Leasehold,Private,Bishan
2500000.0,1388.56,27,Leasehold,Private,Tanglin
1610000.0,688.9,8,Freehold,Private,Tanglin
2930000.0,1517.72,14,Freehold,Private,Kallang
1180000.0,570.49,0,Leasehold,Private,Bukit Timah
1580000.0,893.41,12,Leasehold,Private,Bukit Merah
2400000.0,1302.44,19,Leasehold,Private,Marine Parade
3220000.0,1517.72,25,Freehold,HDB,Bukit Timah
1545000.0,968.76,7,Leasehold,Private,Toa Payoh
3530000.0,1582.31,18,Freehold,Private,Bukit Timah
1950000.0,1140.98,12,Leasehold,Private,Toa Payoh
1580000.0,699.66,5,Leasehold,HDB,Bukit Merah
5980700.0,2508.01,10,Leasehold,Private,Southern Islands
4680000.0,2400.37,31,Freehold,Private,Kallang
2600000.0,1313.21,4,Leasehold,Private,Toa Payoh
3968000.0,1657.66,25,Freehold,Private,Newton
1150000.0,667.37,6,Leasehold,HDB,Geylang
1940000.0,1011.82,9,Leasehold,Private,Bukit Timah
960000.0,452.09,7,Leasehold,Private,Bukit Merah
4300000.0,2411.14,31,Freehold,Private,Kallang
2906800.0,1011.82,2,Leasehold,Private,River Valley
3960000.0,1894.46,11,Freehold,Private,Bukit Timah
1360000.0,645.84,1,Leasehold,Private,Bishan
1540000.0,979.52,28,Leasehold,Private,Bukit Timah
1250000.0,570.49,13,Freehold,Private,Marine Parade
2200000.0,1130.22,10,Leasehold,HDB,Geylang
2450000.0,1399.32,14,Leasehold,Private,Bukit Merah
1060000.0,452.09,7,Leasehold,HDB,Bukit Merah
1500000.0,871.88,17,Leasehold,Private,Bukit Timah
2400000.0,1291.68,4,Leasehold,Private,Kallang
1020000.0,495.14,5,Leasehold,Private,Bukit Merah
2150000.0,1205.57,16,Freehold,HDB,Toa Payoh
1880000.0,1302.44,26,Freehold,Private,Kallang
1980000.0,1140.98,7,Leasehold,Private,Bishan
3040000.0,1410.08,13,Freehold,Private,Bukit Timah
1460000.0,775.01,4,Leasehold,Private,Toa Payoh
3600000.0,1313.21,10,Freehold,Private,Newton
1128000.0,635.08,10,Freehold,Private,Novena
4176000.0,2066.69,11,Freehold,Private,Bukit Timah
1310000.0,548.96,8,Leasehold,HDB,River Valley
2583000.0,1722.24,27,Leasehold,Private,Tanglin
1225000.0,882.65,19,Leasehold,HDB,Bishan
1650000.0,1108.69,7,Leasehold,HDB,Toa Payoh
975000.0,505.91,1,Leasehold,HDB,Toa Payoh
5250000.0,1969.81,10,Freehold,Private,Newton
2050000.0,968.76,15,Freehold,Private,Rochor
1880000.0,1162.51,8,Freehold,Private,Geylang
2490000.0,1302.44,7,Leasehold,HDB,Toa Payoh
4100000.0,2131.27,26,Freehold,Private,Tanglin
845000.0,452.09,7,Leasehold,Private,Bukit Merah
1170000.0,613.55,1,Leasehold,Private,Toa Payoh
2200000.0,1926.76,18,Freehold,Private,Geylang
1735000.0,818.06,0,Leasehold,Private,Bukit Timah
2360000.0,1291.68,12,Leasehold,HDB,Bishan
1780000.0,1248.62,26,Leasehold,Private,Queenstown
1828000.0,1162.51,22,Leasehold,Private,Bukit Merah
3700000.0,2120.51,22,Leasehold,Private,Bukit Merah
1900000.0,1593.07,24,Leasehold,Private,Bukit Timah
2300000.0,1216.33,9,Leasehold,HDB,Bukit Timah
3380000.0,1679.18,9,Leasehold,Private,Bukit Timah
2400000.0,1033.34,34,Freehold,Private,Tanglin
2028600.0,979.52,26,Freehold,Private,Bukit Timah
1310000.0,796.54,24,Leasehold,HDB,Others
2400000.0,1291.68,25,Freehold,Private,Marine Parade
1700000.0,958.0,12,Leasehold,Private,Bukit Merah
5500000.0,3379.9,12,Leasehold,Private,Southern Islands
1280000.0,968.76,26,Leasehold,Private,Queenstown
1630000.0,893.41,8,Leasehold,HDB,Bishan
1480000.0,678.13,2,Leasehold,Private,Toa Payoh
1230000.0,699.66,6,Leasehold,Private,Geylang
4340000.0,1550.02,10,Freehold,Private,Newton
1850000.0,947.23,3,Leasehold,HDB,Queenstown
1245000.0,882.65,19,Leasehold,Private,Bishan
918000.0,505.91,1,Leasehold,HDB,Toa Payoh
1382000.0,678.13,1,Leasehold,HDB,Bukit Timah
1155000.0,538.2,9,Freehold,Private,Bukit Merah
2460000.0,1291.68,13,Leasehold,Private,Geylang
1400000.0,699.66,1,Leasehold,HDB,Toa Payoh
1228000.0,548.96,8,Leasehold,Private,River Valley
3000000.0,1313.21,19,Freehold,Private,River Valley
888888.0,527.44,7,Leasehold,HDB,Toa Payoh
1198000.0,581.26,12,Leasehold,Private,Novena
2550000.0,1420.85,14,Leasehold,Private,Bukit Merah
1330000.0,678.13,7,Leasehold,Private,Bishan
1660000.0,1216.33,19,Leasehold,Private,Geylang
3400000.0,1754.53,9,Leasehold,Private,Bukit Timah
1200000.0,678.13,16,Leasehold,Private,Kallang
4550000.0,2098.98,1,Leasehold,Private,Bishan
1610000.0,958.0,6,Leasehold,HDB,Geylang
1165000.0,656.6,7,Leasehold,HDB,Toa Payoh
2610000.0,1044.11,11,Freehold,Private,Novena
2060000.0,1259.39,10,Leasehold,Private,Bukit Merah
1560000.0,861.12,0,Leasehold,HDB,Bukit Timah
845000.0,495.14,15,Freehold,Private,Queenstown
1188000.0,699.66,19,Freehold,HDB,Novena
1780000.0,796.54,5,Leasehold,Private,Bukit Merah
2600000.0,1711.48,12,Freehold,Private,Queenstown
1640000.0,936.47,9,Leasehold,Private,Bukit Timah
1040000.0,645.84,20,Freehold,Private,Bishan
2200000.0,1011.82,6,Freehold,Private,Novena
5700000.0,2508.01,10,Leasehold,Private,Southern Islands
1715000.0,1345.5,29,Leasehold,Private,Bishan
1440000.0,1065.64,28,Leasehold,Private,Bukit Timah
3128000.0,1270.15,9,Freehold,HDB,Marine Parade
1670000.0,947.23,4,Leasehold,Private,Toa Payoh
12500000.0,2691.0,6,Freehold,Private,River Valley
3350000.0,1819.12,11,Freehold,Private,Bukit Timah
1450000.0,764.24,26,Freehold,Private,Tanglin
1800000.0,1194.8,21,Leasehold,Private,Queenstown
1320000.0,678.13,7,Leasehold,HDB,Bishan
1070000.0,570.49,4,Leasehold,Private,Toa Payoh
1813000.0,979.52,11,Freehold,HDB,Bishan
1110000.0,742.72,29,Freehold,Private,Geylang
1550000.0,1001.05,30,Leasehold,Private,Bukit Merah
1800000.0,1194.8,20,Leasehold,HDB,Bishan
1846050.0,710.42,2,Freehold,HDB,Bukit Timah
1790000.0,1270.15,18,Leasehold,Private,Bishan
1918000.0,904.18,6,Leasehold,Private,Queenstown
950000.0,484.38,5,Leasehold,Private,Bukit Merah
1100000.0,527.44,1,Leasehold,Private,Bishan
1878000.0,721.19,2,Freehold,Private,Bukit Timah
2100000.0,1227.1,27,Freehold,HDB,Tanglin
2280000.0,1420.85,25,Freehold,HDB,Bukit Timah
3568000.0,1657.66,11,Freehold,Private,Bukit Timah
4215000.0,1840.64,20,Freehold,Private,Newton
1888000.0,1194.8,23,Leasehold,HDB,Queenstown
5680000.0,1959.05,7,Freehold,Private,Tanglin
1750000.0,1054.87,12,Leasehold,HDB,Bukit Merah
1820000.0,893.41,15,Freehold,Private,Rochor
2380000.0,1291.68,13,Leasehold,HDB,Geylang
1910000.0,990.29,18,Freehold,HDB,Bukit Timah
3780000.0,2594.12,40,Freehold,Private,Bukit Merah
2550000.0,1280.92,10,Freehold,Private,Novena
920000.0,505.91,1,Leasehold,Private,Toa Payoh
2350000.0,882.65,2,Leasehold,Private,River Valley
980000.0,624.31,8,Freehold,Private,Geylang
2250000.0,1108.69,1,Leasehold,HDB,Toa Payoh
1750000.0,904.18,1,Leasehold,Private,Bishan
1580000.0,1044.11,10,Leasehold,Private,Bukit Merah
1288800.0,979.52,25,Leasehold,Private,Geylang
1470000.0,688.9,6,Leasehold,Private,Queenstown
1150000.0,570.49,5,Leasehold,HDB,Rochor
3300000.0,1722.24,9,Leasehold,Private,Bukit Timah
1575000.0,699.66,5,Leasehold,Private,Rochor
1960000.0,1065.64,9,Leasehold,Private,Marine Parade
1520000.0,710.42,1,Leasehold,HDB,Bukit Timah
2280000.0,1054.87,18,Freehold,Private,Bukit Timah
1386000.0,742.72,1,Leasehold,HDB,Toa Payoh
2213338.0,958.0,13,Freehold,Private,Marine Parade
3700000.0,1323.97,15,Freehold,Private,Others
4550000.0,2443.43,9,Leasehold,Private,Bukit Timah
3750000.0,1700.71,13,Freehold,Private,Marine Parade
850000.0,484.38,10,Leasehold,Private,Geylang
1308888.0,893.41,11,Freehold,Private,Kallang
2100000.0,1356.26,8,Leasehold,HDB,Bishan
1310000.0,699.66,1,Leasehold,HDB,Toa Payoh
1600000.0,871.88,19,Leasehold,Private,Bukit Merah
1350000.0,678.13,1,Leasehold,Private,Bukit Timah
2490000.0,1722.24,6,Freehold,HDB,Bukit Timah
2720000.0,1442.38,27,Freehold,HDB,Bishan
1320000.0,635.08,9,Leasehold,HDB,Bukit Timah
1030000.0,613.55,18,Freehold,Private,Novena
3380000.0,1399.32,18,Freehold,Private,Bukit Timah
1200000.0,624.31,6,Leasehold,Private,Geylang
2650000.0,1517.72,14,Freehold,HDB,Kallang
4500000.0,1905.23,17,Freehold,Private,Others
3600000.0,1915.99,38,Freehold,Private,Bukit Timah
3280000.0,1625.36,10,Leasehold,HDB,Others
5000000.0,2744.82,23,Leasehold,Private,Kallang
1580000.0,753.48,6,Leasehold,HDB,Queenstown
1480000.0,688.9,6,Leasehold,Private,Queenstown
6400000.0,1776.06,6,Freehold,Private,Others
1368000.0,742.72,1,Leasehold,Private,Toa Payoh
3300000.0,1872.94,12,Leasehold,Private,Southern Islands
9398888.0,2432.66,11,Freehold,Private,Tanglin
1930000.0,1399.32,26,Leasehold,Private,Kallang
3620000.0,1829.88,27,Freehold,Private,Tanglin
1345000.0,688.9,1,Leasehold,Private,Toa Payoh
3820000.0,1646.89,15,Freehold,Private,Marine Parade
3150000.0,1367.03,16,Freehold,Private,Marine Parade
2415000.0,1044.11,1,Leasehold,Private,Bukit Timah
2200000.0,1173.28,7,Leasehold,Private,Toa Payoh
2110000.0,839.59,7,Freehold,Private,Tanglin
1738000.0,1022.58,13,Leasehold,HDB,Geylang
1385000.0,635.08,2,Leasehold,Private,Toa Payoh
2870000.0,1711.48,20,Leasehold,Private,Kallang
955000.0,559.73,10,Freehold,Private,Novena
4238000.0,1334.74,9,Freehold,Private,Newton
2310000.0,1054.87,8,Leasehold,Private,River Valley
3300000.0,1313.21,15,Freehold,Private,River Valley
1600000.0,1044.11,25,Freehold,HDB,Bukit Timah
3060000.0,1625.36,24,Freehold,Private,Toa Payoh
2422000.0,1571.54,19,Leasehold,Private,Bishan
3480000.0,1356.26,17,Freehold,Private,Others
1750000.0,1248.62,26,Leasehold,Private,Queenstown
3080000.0,1291.68,5,Leasehold,Private,Bukit Merah
4958000.0,1991.34,11,Freehold,Private,Bukit Timah
1190000.0,731.95,7,Leasehold,Private,Toa Payoh
2675000.0,1334.74,19,Leasehold,Private,Bukit Merah
2550000.0,1140.98,1,Leasehold,Private,Bishan
1720000.0,1011.82,8,Leasehold,Private,Bishan
1530000.0,914.94,21,Leasehold,Private,Queenstown
750000.0,409.03,13,Freehold,HDB,Queenstown
8300000.0,3433.72,37,Freehold,Private,River Valley
1428000.0,688.9,5,Leasehold,Private,Rochor
2180000.0,1528.49,28,Leasehold,Private,Bukit Timah
1830000.0,1151.75,22,Leasehold,Private,Bukit Merah
2300000.0,1485.43,18,Leasehold,Private,Kallang
2620000.0,1657.66,30,Freehold,Private,Bukit Timah
1580000.0,968.76,25,Leasehold,Private,Bukit Merah
5000000.0,2142.04,21,Freehold,Private,Newton
810000.0,484.38,7,Leasehold,HDB,Toa Payoh
1900000.0,1485.43,18,Leasehold,Private,Bishan
2100000.0,1001.05,7,Leasehold,HDB,Bukit Merah
815000.0,441.32,7,Leasehold,HDB,Kallang
3880000.0,1733.0,26,Freehold,Private,Tanglin
970000.0,505.91,5,Leasehold,Private,Bukit Merah
2320000.0,1883.7,43,Leasehold,Private,Bukit Timah
2288888.0,1108.69,1,Leasehold,Private,Toa Payoh
1920000.0,850.36,3,Leasehold,Private,Queenstown
1750000.0,1044.11,9,Leasehold,Private,Bukit Timah
2540000.0,1614.6,10,Leasehold,Private,Bukit Merah
980000.0,430.56,3,Leasehold,Private,Queenstown
4525000.0,2637.18,12,Leasehold,Private,Bukit Merah
2020000.0,1227.1,19,Leasehold,HDB,Kallang
1210000.0,710.42,25,Leasehold,HDB,Bukit Merah
4800000.0,1797.59,13,Freehold,Private,Others
1540000.0,968.76,24,Leasehold,Private,Others
1418888.0,828.83,11,Leasehold,HDB,Toa Payoh
7700000.0,1776.06,9,Freehold,Private,Newton
2180000.0,1280.92,8,Leasehold,HDB,Bishan
3130000.0,1517.72,12,Freehold,HDB,Marine Parade
5800000.0,2637.18,30,Freehold,Private,Marine Parade
1368000.0,828.83,11,Leasehold,Private,Toa Payoh
2400000.0,1054.87,13,Leasehold,HDB,Others
3700000.0,1603.84,13,Freehold,HDB,Marine Parade
1200000.0,645.84,1,Leasehold,HDB,Toa Payoh
2190000.0,1291.68,12,Leasehold,HDB,Bishan
920000.0,495.14,13,Freehold,Private,Queenstown
1555000.0,1054.87,25,Freehold,Private,Bukit Timah
5400000.0,2389.61,14,Freehold,Private,Tanglin
2900000.0,1646.89,18,Leasehold,Private,Newton
2800000.0,2055.92,10,Leasehold,Private,Bukit Merah
3680000.0,1743.77,18,Freehold,Private,Tanglin
1418888.0,645.84,1,Leasehold,HDB,Bishan
2540000.0,1496.2,12,Leasehold,Private,Bukit Merah
808000.0,484.38,6,Leasehold,Private,Geylang
3930000.0,1733.0,17,Freehold,Private,Others
1950000.0,1194.8,21,Leasehold,Private,Queenstown
2380000.0,1442.38,28,Leasehold,HDB,Bukit Merah
2016000.0,721.19,2,Freehold,HDB,Bukit Timah
840000.0,419.8,4,Leasehold,HDB,Kallang
2488000.0,1442.38,6,Leasehold,Private,Geylang
4500000.0,2540.3,30,Leasehold,Private,River Valley
2470000.0,1011.82,16,Freehold,Private,Marine Parade
1999500.0,1259.39,10,Leasehold,HDB,Bukit Merah
1310000.0,516.67,13,Freehold,HDB,Others
1430000.0,807.3,7,Leasehold,Private,Kallang
2850000.0,1356.26,14,Freehold,Private,Bukit Timah
2495000.0,1216.33,16,Freehold,Private,Bukit Merah
1700000.0,1022.58,13,Leasehold,Private,Geylang
2300000.0,882.65,2,Leasehold,HDB,River Valley
2480000.0,1140.98,7,Leasehold,Private,Bishan
1620000.0,635.08,14,Freehold,Private,River Valley
905000.0,581.26,7,Leasehold,Private,Toa Payoh
3200000.0,1410.08,10,Freehold,Private,Bukit Merah
1068000.0,548.96,14,Freehold,Private,Bukit Timah
1418888.0,850.36,5,Leasehold,HDB,Geylang
3320000.0,1463.9,15,Freehold,Private,Novena
1500000.0,839.59,7,Leasehold,Private,Kallang
1498000.0,721.19,4,Leasehold,Private,Kallang
1500000.0,1087.16,28,Leasehold,Private,Bukit Timah
1993000.0,688.9,2,Freehold,HDB,Bukit Timah
995000.0,441.32,6,Leasehold,Private,Queenstown
2550000.0,1474.67,9,Freehold,HDB,Queenstown
3505000.0,1560.78,15,Freehold,Private,Marine Parade
1980000.0,1065.64,9,Leasehold,Private,Marine Parade
1450000.0,828.83,7,Leasehold,HDB,Toa Payoh
950000.0,441.32,6,Leasehold,Private,Queenstown
1615000.0,1033.34,25,Freehold,HDB,Bukit Timah
1840350.0,710.42,2,Freehold,HDB,Bukit Timah
1520000.0,904.18,19,Leasehold,Private,Kallang
2920000.0,1334.74,13,Freehold,Private,Marine Parade
1050000.0,548.96,15,Freehold,Private,Rochor
1100000.0,462.85,9,Freehold,HDB,Novena
1350000.0,699.66,1,Leasehold,HDB,Toa Payoh
3168000.0,1377.79,13,Freehold,Private,Others
2450000.0,1646.89,26,Leasehold,Private,Kallang
10700000.0,2938.57,11,Freehold,Private,Tanglin
3000000.0,1463.9,26,Freehold,Private,Bukit Timah
2315000.0,1184.04,10,Leasehold,Private,Geylang
2840000.0,1237.86,5,Leasehold,Private,Bukit Merah
1595000.0,775.01,3,Leasehold,HDB,Queenstown
1200000.0,645.84,1,Leasehold,HDB,Toa Payoh
2475000.0,1399.32,25,Freehold,HDB,Marine Parade
1200000.0,484.38,8,Freehold,Private,Bukit Merah
2208000.0,1001.05,15,Freehold,Private,Marine Parade
2200000.0,1205.57,9,Leasehold,Private,Bukit Timah
3880000.0,1883.7,18,Freehold,HDB,Bukit Timah
1390000.0,925.7,26,Leasehold,Private,Kallang
1670000.0,893.41,19,Leasehold,Private,Bukit Merah
1225000.0,818.06,24,Leasehold,HDB,Others
2160000.0,1313.21,13,Leasehold,Private,Geylang
2880000.0,1571.54,10,Leasehold,Private,Others
2300000.0,979.52,7,Leasehold,Private,Tanglin
1320000.0,796.54,8,Freehold,HDB,Geylang
3300000.0,1216.33,7,Freehold,Private,Tanglin
3060000.0,1851.41,10,Leasehold,Private,Bukit Merah
2288000.0,1216.33,9,Leasehold,Private,Bukit Timah
1100000.0,516.67,1,Leasehold,Private,Bukit Timah
6619000.0,1550.02,12,Freehold,Private,Newton
1500000.0,678.13,2,Leasehold,Private,Toa Payoh
1690000.0,1130.22,25,Freehold,HDB,Bukit Timah
1987888.0,1194.8,21,Leasehold,HDB,Queenstown
1998000.0,1291.68,28,Leasehold,Private,Bukit Merah
1399000.0,861.12,12,Leasehold,Private,Toa Payoh
1680000.0,731.95,7,Leasehold,Private,Bukit Merah
735000.0,398.27,13,Freehold,Private,Queenstown
1808000.0,1162.51,23,Leasehold,Private,Bishan
1480000.0,742.72,1,Leasehold,Private,Toa Payoh
3350000.0,1560.78,22,Freehold,Private,Tanglin
1270000.0,678.13,7,Leasehold,Private,Bishan
940000.0,484.38,4,Leasehold,Private,Toa Payoh
1800000.0,1194.8,21,Leasehold,Private,Queenstown
2520000.0,1453.14,15,Leasehold,Private,Kallang
2630000.0,1463.9,19,Freehold,Private,Geylang
1608880.0,893.41,9,Leasehold,Private,Marine Parade
2620000.0,1786.82,14,Leasehold,Private,Bukit Merah
1428000.0,699.66,1,Leasehold,HDB,Toa Payoh
2580000.0,1420.85,29,Freehold,Private,Marine Parade
2150000.0,1280.92,16,Leasehold,Private,Bukit Merah
1868000.0,1205.57,19,Leasehold,Private,Bishan
1340000.0,516.67,13,Freehold,HDB,Others
1420000.0,710.42,1,Leasehold,Private,Bukit Timah
2008888.0,990.29,13,Freehold,Private,Bukit Timah
2850000.0,1625.36,24,Freehold,Private,Toa Payoh
1320000.0,936.47,18,Leasehold,Private,Bishan
2250000.0,1323.97,19,Leasehold,Private,Marine Parade
3800000.0,3821.22,10,Leasehold,Private,Bukit Merah
1133500.0,505.91,1,Leasehold,HDB,Bukit Timah
1850000.0,947.23,17,Freehold,Private,Bukit Timah
1888000.0,1356.26,28,Freehold,Private,Bukit Timah
982500.0,484.38,7,Leasehold,HDB,Bishan
2250000.0,2152.8,11,Freehold,HDB,Kallang
1050000.0,559.73,16,Leasehold,HDB,Kallang
2450000.0,1173.28,18,Leasehold,Private,Newton
2620000.0,1506.96,12,Freehold,Private,Queenstown
805000.0,441.32,6,Leasehold,HDB,Geylang
1700000.0,958.0,11,Leasehold,Private,Toa Payoh
1980000.0,1119.46,12,Leasehold,HDB,Toa Payoh
1850000.0,1011.82,27,Leasehold,Private,Tanglin
3350000.0,1894.46,26,Leasehold,Private,Kallang
1620000.0,979.52,4,Leasehold,HDB,Toa Payoh
2060000.0,914.94,11,Freehold,Private,Bukit Timah
2050000.0,990.29,13,Freehold,Private,Bukit Timah
1670000.0,1033.34,14,Freehold,Private,Toa Payoh
1260000.0,624.31,10,Leasehold,Private,Geylang
930000.0,462.85,6,Leasehold,HDB,Queenstown
2150000.0,1356.26,19,Leasehold,Private,Kallang
2242000.0,818.06,2,Freehold,Private,Bukit Timah
3600000.0,2217.38,38,Freehold,Private,Bukit Timah
2180000.0,1108.69,1,Leasehold,Private,Toa Payoh
1630000.0,753.48,6,Leasehold,HDB,Queenstown
955000.0,430.56,3,Leasehold,HDB,Queenstown
2280000.0,947.23,10,Freehold,HDB,Bukit Merah
2900000.0,1474.67,10,Leasehold,Private,Bukit Merah
2960000.0,1474.67,27,Freehold,Private,Marine Parade
1085000.0,473.62,9,Freehold,HDB,Novena
1195000.0,699.66,7,Leasehold,HDB,Kallang
3200000.0,1474.67,9,Freehold,Private,Novena
6985000.0,2594.12,7,Leasehold,Private,Bukit Merah
2130000.0,979.52,11,Freehold,Private,Bukit Timah
2388000.0,1237.86,19,Leasehold,Private,Novena
1520000.0,947.23,8,Leasehold,Private,Bishan
3228000.0,1829.88,34,Freehold,Private,Bishan
2100000.0,1216.33,9,Leasehold,HDB,Bukit Timah
1810000.0,1001.05,10,Freehold,Private,Bukit Timah
1720000.0,742.72,5,Leasehold,Private,Bukit Merah
2028000.0,1001.05,7,Leasehold,Private,Bukit Merah
2300000.0,1076.4,18,Freehold,Private,Bukit Timah
2760000.0,1270.15,13,Freehold,HDB,Marine Parade
2500000.0,1539.25,12,Leasehold,Private,Bukit Merah
5627000.0,2680.24,12,Leasehold,Private,Southern Islands
1868000.0,1119.46,7,Freehold,Private,Queenstown
2650000.0,1313.21,10,Freehold,Private,Novena
2300000.0,1140.98,7,Leasehold,Private,Bishan
1730000.0,1313.21,36,Leasehold,Private,Bishan
2590000.0,1270.15,12,Freehold,Private,Bukit Timah
1900000.0,1076.4,19,Freehold,HDB,Marine Parade
1745000.0,871.88,7,Leasehold,Private,Tanglin
2350000.0,1367.03,8,Leasehold,Private,Bishan
2400000.0,1356.26,9,Leasehold,Private,Bukit Timah
1580000.0,1248.62,43,Leasehold,Private,Bukit Timah
1455000.0,699.66,5,Leasehold,Private,Rochor
2600000.0,1410.08,16,Freehold,Private,Toa Payoh
3380000.0,2163.56,13,Leasehold,Private,Southern Islands
3100000.0,1571.54,10,Leasehold,Private,Others
2030000.0,1033.34,4,Leasehold,Private,Kallang
2320000.0,1162.51,19,Freehold,Private,Bukit Timah
1650000.0,1345.5,29,Leasehold,HDB,Bishan
1550000.0,678.13,8,Freehold,Private,Tanglin
3200000.0,1410.08,15,Freehold,HDB,Marine Parade
1920000.0,1011.82,1,Leasehold,HDB,Toa Payoh
4150000.0,2206.62,11,Freehold,Private,Marine Parade
3365000.0,1894.46,26,Leasehold,Private,Kallang
1200000.0,635.08,9,Leasehold,HDB,Bukit Timah
1600000.0,1227.1,24,Leasehold,Private,Bukit Timah
2700000.0,1840.64,7,Leasehold,Private,Toa Payoh
1150000.0,667.37,6,Leasehold,HDB,Geylang
1600000.0,861.12,6,Leasehold,Private,Bukit Merah
2180000.0,1184.04,7,Leasehold,Private,Tanglin
1730000.0,861.12,15,Freehold,Private,Kallang
1840000.0,1270.15,18,Leasehold,Private,Kallang
1950000.0,1270.15,18,Leasehold,Private,Kallang
2000000.0,1194.8,26,Freehold,Private,Queenstown
3180000.0,1313.21,19,Freehold,Private,River Valley
1890000.0,1162.51,7,Leasehold,Private,Tanglin
2638050.0,1227.1,18,Freehold,Private,Bukit Timah
1680000.0,893.41,19,Leasehold,Private,Bukit Merah
5802000.0,2508.01,10,Leasehold,Private,Southern Islands
4600000.0,1797.59,13,Freehold,Private,Others
2165000.0,1399.32,28,Freehold,Private,Bukit Timah
1595000.0,807.3,3,Leasehold,Private,Queenstown
1750000.0,1011.82,9,Leasehold,Private,Bukit Timah
3250000.0,1657.66,32,Freehold,Private,Novena
3780000.0,2281.97,16,Leasehold,Private,Newton
3580000.0,1636.13,13,Freehold,Private,Bukit Merah
1260000.0,721.19,7,Leasehold,HDB,Toa Payoh
1420000.0,645.84,1,Leasehold,Private,Bishan
3250000.0,1603.84,25,Freehold,Private,River Valley
1600000.0,839.59,15,Freehold,Private,Kallang
2208000.0,1248.62,4,Leasehold,HDB,Toa Payoh
2530000.0,1216.33,8,Freehold,HDB,Tanglin
1425000.0,753.48,1,Leasehold,Private,Toa Payoh
7500000.0,5134.43,40,Freehold,Private,Bukit Timah
4250000.0,2098.98,11,Freehold,Private,Bukit Timah
4100000.0,2088.22,26,Leasehold,Private,Kallang
1730088.0,775.01,1,Leasehold,HDB,Bishan
3068000.0,1636.13,30,Freehold,Private,Marine Parade
6600000.0,2023.63,13,Freehold,HDB,Newton
2950000.0,1603.84,41,Freehold,Private,Marine Parade
1950000.0,1011.82,4,Leasehold,HDB,Toa Payoh
3780000.0,1614.6,13,Freehold,Private,Marine Parade
1750000.0,979.52,4,Leasehold,Private,Toa Payoh
1520000.0,861.12,7,Leasehold,Private,Toa Payoh
3390000.0,1603.84,12,Freehold,Private,Bukit Timah
928000.0,462.85,6,Leasehold,Private,Queenstown
2250000.0,1065.64,13,Freehold,Private,Marine Parade
2750000.0,1237.86,13,Freehold,Private,Bukit Timah
1975000.0,1108.69,15,Freehold,Private,Bukit Timah
2788000.0,1539.25,9,Leasehold,HDB,Bukit Timah
1400000.0,775.01,4,Leasehold,Private,Toa Payoh
1880000.0,1151.75,8,Freehold,HDB,Geylang
1800000.0,1119.46,9,Leasehold,Private,Bukit Timah
1800000.0,1151.75,19,Leasehold,Private,Bishan
3050000.0,1420.85,13,Freehold,Private,Bukit Timah
5688800.0,2809.4,13,Freehold,HDB,Newton
2400000.0,1033.34,18,Freehold,Private,Bukit Timah
2180000.0,1151.75,25,Freehold,Private,Marine Parade
1938000.0,1001.05,7,Leasehold,HDB,Bukit Merah
5700000.0,2604.89,13,Freehold,Private,River Valley
2460000.0,1550.02,12,Leasehold,HDB,Bukit Merah
1640000.0,1227.1,22,Leasehold,HDB,Geylang
1700000.0,1313.21,36,Leasehold,Private,Bishan
4500000.0,2185.09,12,Leasehold,Private,Bukit Merah
3350000.0,2002.1,42,Freehold,Private,Bukit Timah
2000000.0,1216.33,7,Leasehold,Private,Kallang
1690000.0,742.72,5,Leasehold,Private,Bukit Merah
1450000.0,861.12,11,Leasehold,Private,Toa Payoh
3580000.0,1410.08,15,Freehold,Private,Marine Parade
1480000.0,710.42,1,Leasehold,HDB,Bukit Timah
2850000.0,1237.86,5,Leasehold,Private,Bukit Merah
2550000.0,1313.21,7,Leasehold,HDB,Bukit Merah
1720000.0,936.47,4,Leasehold,Private,Toa Payoh
1438888.0,839.59,11,Leasehold,Private,Toa Payoh
3500000.0,1410.08,15,Freehold,Private,Marine Parade
1488000.0,861.12,11,Leasehold,HDB,Toa Payoh
800000.0,441.32,7,Leasehold,HDB,Kallang
1640000.0,764.24,5,Leasehold,Private,Bukit Merah
1158000.0,688.9,12,Leasehold,HDB,Toa Payoh
4150000.0,2335.79,26,Leasehold,Private,Kallang
1685000.0,990.29,12,Leasehold,HDB,Bukit Merah
2200000.0,1259.39,17,Freehold,Private,Novena
2880000.0,1044.11,8,Freehold,Private,Bukit Timah
1650000.0,871.88,9,Freehold,Private,Novena
1250000.0,699.66,7,Leasehold,Private,Kallang
1870000.0,1151.75,22,Leasehold,Private,Bukit Merah
1948000.0,914.94,26,Freehold,Private,Bukit Timah
949000.0,495.14,1,Leasehold,HDB,Toa Payoh
3500000.0,1485.43,21,Freehold,Private,Others
5728000.0,3272.26,12,Leasehold,HDB,Southern Islands
990000.0,462.85,2,Leasehold,HDB,Toa Payoh
5000000.0,2755.58,12,Freehold,Private,Bukit Timah
1730000.0,1313.21,36,Leasehold,Private,Bishan
1080000.0,592.02,9,Leasehold,Private,Marine Parade
2480000.0,1506.96,12,Freehold,Private,Queenstown
2000000.0,1657.66,39,Freehold,Private,Novena
1668000.0,882.65,10,Leasehold,Private,Geylang
913131.0,495.14,1,Leasehold,HDB,Toa Payoh
2700000.0,1679.18,30,Freehold,Private,Bukit Timah
4500000.0,1679.18,13,Freehold,HDB,River Valley
1636888.0,990.29,9,Freehold,HDB,Kallang
1280000.0,936.47,26,Leasehold,Private,Queenstown
1430000.0,807.3,10,Leasehold,Private,Bukit Merah
4522886.0,2787.88,12,Leasehold,Private,Southern Islands
2900000.0,1431.61,25,Freehold,HDB,Bukit Timah
2050000.0,1108.69,1,Leasehold,HDB,Toa Payoh
2028000.0,1140.98,17,Leasehold,Private,Bukit Timah
1175000.0,699.66,7,Leasehold,HDB,Kallang
2700000.0,1528.49,40,Freehold,Private,Bukit Timah
1236000.0,753.48,24,Leasehold,HDB,Others
2801000.0,1463.9,26,Freehold,Private,Queenstown
3200000.0,1614.6,12,Leasehold,Private,Bukit Merah
5150000.0,2260.44,33,Freehold,Private,Tanglin
2820000.0,2174.33,17,Freehold,HDB,Queenstown
1780000.0,861.12,21,Leasehold,Private,Tanglin
2722000.0,1216.33,7,Freehold,HDB,Kallang
1650000.0,1065.64,8,Leasehold,Private,Bishan
1588000.0,731.95,7,Freehold,Private,Marine Parade
950000.0,495.14,5,Leasehold,Private,Bukit Merah
1780000.0,947.23,4,Leasehold,Private,Toa Payoh
2450000.0,1022.58,34,Freehold,Private,Tanglin
1255000.0,570.49,8,Leasehold,Private,River Valley
1600000.0,796.54,9,Freehold,Private,Rochor
1480000.0,731.95,7,Leasehold,Private,Bukit Merah
938000.0,505.91,1,Leasehold,HDB,Toa Payoh
1370000.0,968.76,23,Leasehold,HDB,Queenstown
2530000.0,1313.21,17,Leasehold,Private,Bukit Merah
1580000.0,1022.58,25,Freehold,Private,Bukit Timah
1200000.0,570.49,8,Leasehold,Private,River Valley
3980000.0,1829.88,13,Freehold,Private,Tanglin
1380000.0,699.66,6,Leasehold,HDB,Bukit Merah
1928888.0,1011.82,1,Leasehold,Private,Toa Payoh
2248000.0,1033.34,6,Leasehold,HDB,Queenstown
3280000.0,1894.46,26,Leasehold,Private,Kallang
2250000.0,968.76,14,Freehold,Private,Bukit Timah
915000.0,462.85,6,Leasehold,HDB,Queenstown
20500000.0,4284.07,12,Freehold,Private,Tanglin
7800000.0,5543.46,35,Freehold,Private,Queenstown
3850000.0,1453.14,21,Freehold,Private,Others
1436888.0,721.19,6,Freehold,Private,Bukit Timah
1130000.0,667.37,2,Leasehold,HDB,Toa Payoh
2250000.0,1270.15,12,Leasehold,Private,Toa Payoh
2330000.0,1313.21,19,Freehold,HDB,Geylang
1270000.0,570.49,13,Freehold,Private,Marine Parade
2480000.0,1216.33,8,Freehold,Private,Tanglin
1388000.0,785.77,6,Leasehold,Private,Geylang
2700000.0,1668.42,27,Leasehold,Private,Tanglin
1608000.0,775.01,1,Leasehold,Private,Bishan
2250000.0,1367.03,42,Freehold,Private,Bukit Timah
2200000.0,1173.28,9,Leasehold,Private,Bukit Timah
2430000.0,1603.84,26,Freehold,Private,Queenstown
2455000.0,1237.86,19,Leasehold,Private,Novena
2000000.0,1119.46,26,Freehold,Private,Bukit Timah
5665000.0,1959.05,9,Freehold,HDB,Tanglin
1528000.0,882.65,7,Leasehold,Private,Toa Payoh
2580000.0,1291.68,15,Freehold,Private,Kallang
3550000.0,1894.46,26,Leasehold,Private,Kallang
2100000.0,1388.56,18,Leasehold,HDB,Bukit Merah
1880000.0,1194.8,21,Leasehold,Private,Queenstown
1680000.0,1205.57,22,Leasehold,HDB,Geylang
2820000.0,1291.68,21,Freehold,Private,Novena
1850000.0,1011.82,27,Leasehold,Private,Tanglin
3385000.0,1582.31,18,Freehold,Private,Bukit Timah
8194000.0,3756.64,12,Leasehold,Private,Bukit Merah
5521000.0,2529.54,10,Leasehold,Private,Southern Islands
6200000.0,2787.88,11,Freehold,Private,Bukit Timah
1660000.0,979.52,25,Leasehold,Private,Bukit Merah
1520000.0,1173.28,19,Freehold,Private,Tanglin
1210000.0,914.94,43,Leasehold,Private,Bukit Timah
1810000.0,839.59,3,Leasehold,Private,Queenstown
4610000.0,2680.24,13,Leasehold,Private,Southern Islands
1640000.0,925.7,16,Leasehold,Private,Kallang
1140000.0,699.66,5,Leasehold,Private,Geylang
2680000.0,1302.44,9,Freehold,Private,Marine Parade
1638000.0,807.3,7,Leasehold,HDB,Bishan
7000000.0,3562.88,10,Freehold,Private,Novena
2140000.0,979.52,2,Leasehold,Private,Toa Payoh
2638000.0,1108.69,36,Freehold,Private,Tanglin
1741100.0,861.12,5,Leasehold,HDB,Bukit Merah
2900000.0,1711.48,25,Leasehold,Private,Bukit Timah
2230000.0,1334.74,45,Freehold,HDB,Bukit Timah
1380000.0,850.36,7,Leasehold,Private,Toa Payoh
2250000.0,1108.69,1,Leasehold,Private,Toa Payoh
1850000.0,904.18,1,Leasehold,Private,Bishan
2400000.0,1367.03,42,Freehold,HDB,Bukit Timah
1350000.0,678.13,2,Leasehold,Private,Toa Payoh
1468000.0,742.72,1,Leasehold,Private,Toa Payoh
3700000.0,1216.33,12,Freehold,Private,River Valley
2228000.0,1227.1,19,Leasehold,Private,Bukit Merah
1900000.0,1097.93,12,Leasehold,Private,Bukit Merah
4000000.0,1959.05,38,Freehold,HDB,Bukit Timah
1340000.0,548.96,8,Leasehold,Private,River Valley
2400000.0,1442.38,16,Leasehold,Private,Rochor
3750000.0,1442.38,14,Freehold,HDB,River Valley
1738000.0,1011.82,7,Freehold,Private,Queenstown
2480000.0,1313.21,19,Freehold,HDB,Geylang
2550000.0,1356.26,12,Leasehold,HDB,Bukit Merah
2880000.0,1011.82,2,Leasehold,Private,River Valley
1600000.0,796.54,7,Leasehold,Private,Bishan
3100000.0,1550.02,19,Freehold,Private,Marine Parade
2300000.0,1313.21,13,Leasehold,Private,Geylang
1960000.0,1194.8,21,Leasehold,HDB,Queenstown
1548000.0,861.12,12,Leasehold,HDB,Toa Payoh
1170000.0,699.66,7,Leasehold,HDB,Kallang
1330000.0,721.19,7,Leasehold,HDB,Toa Payoh
1168000.0,667.37,6,Leasehold,HDB,Geylang
2900000.0,1485.43,12,Leasehold,Private,Novena
3050000.0,1571.54,7,Leasehold,Private,Bukit Merah
1630000.0,1237.86,25,Leasehold,HDB,Geylang
1670000.0,968.76,7,Leasehold,HDB,Toa Payoh
1880000.0,1248.62,26,Leasehold,HDB,Queenstown
6100000.0,2508.01,10,Leasehold,Private,Southern Islands
908000.0,495.14,1,Leasehold,Private,Toa Payoh
2850000.0,1506.96,25,Freehold,Private,Marine Parade
4000000.0,1959.05,38,Freehold,Private,Bukit Timah
3400000.0,1410.08,17,Freehold,Private,Others
2180000.0,1280.92,12,Leasehold,Private,Bishan
2700000.0,1550.02,7,Leasehold,Private,Toa Payoh
1325000.0,936.47,26,Leasehold,HDB,Queenstown
940000.0,419.8,7,Freehold,Private,Kallang
1770000.0,1022.58,13,Leasehold,Private,Geylang
7280000.0,2454.19,10,Freehold,Private,Newton
2700000.0,1582.31,24,Leasehold,Private,Others
1800000.0,1270.15,27,Leasehold,Private,Bukit Timah
2800000.0,1571.54,39,Freehold,Private,Bishan
1675000.0,979.52,25,Leasehold,Private,Bukit Timah
1100000.0,548.96,15,Freehold,Private,Rochor
4450000.0,1496.2,12,Freehold,Private,River Valley
1248000.0,688.9,9,Freehold,HDB,Novena
2400000.0,1463.9,23,Leasehold,Private,Queenstown
1365000.0,699.66,1,Leasehold,Private,Toa Payoh
1518000.0,688.9,1,Leasehold,HDB,Bukit Timah
1228000.0,624.31,9,Leasehold,Private,Bukit Timah
7250000.0,2260.44,29,Freehold,Private,River Valley
2850000.0,1323.97,25,Freehold,Private,River Valley
2007000.0,710.42,2,Freehold,Private,Bukit Timah
1931350.0,710.42,2,Freehold,Private,Bukit Timah
1450000.0,850.36,24,Leasehold,Private,Others
4300000.0,3756.64,40,Leasehold,Private,Bukit Timah
1450000.0,742.72,1,Leasehold,HDB,Toa Payoh
1750000.0,947.23,7,Leasehold,Private,Bukit Merah
1190777.0,505.91,5,Leasehold,Private,Bukit Merah
1260000.0,850.36,19,Leasehold,Private,Geylang
1390000.0,645.84,1,Leasehold,Private,Bishan
1636000.0,1227.1,27,Leasehold,Private,Bukit Timah
1950000.0,1108.69,17,Leasehold,Private,Bukit Timah
2050000.0,1216.33,19,Leasehold,Private,Kallang
3250000.0,3046.21,17,Leasehold,Private,Southern Islands
2208000.0,1280.92,19,Leasehold,HDB,Kallang
1860000.0,925.7,20,Freehold,Private,Bukit Timah
2975000.0,1539.25,9,Leasehold,Private,Bukit Timah
1918000.0,1054.87,4,Leasehold,HDB,Toa Payoh
2790000.0,1399.32,9,Leasehold,Private,Bukit Timah
1688000.0,828.83,7,Leasehold,HDB,Bishan
12900000.0,2884.75,22,Freehold,Private,Newton
2600000.0,1582.31,24,Leasehold,Private,Others
3450000.0,1625.36,18,Freehold,Private,Bukit Timah
2210000.0,1313.21,13,Leasehold,HDB,Geylang
3650000.0,2023.63,17,Freehold,Private,Tanglin
1930000.0,828.83,8,Freehold,Private,Bukit Merah
1230000.0,678.13,4,Leasehold,HDB,Toa Payoh
1725000.0,1033.34,7,Leasehold,HDB,Toa Payoh
6800000.0,2604.89,10,Freehold,Private,Newton
8500000.0,4058.03,15,Freehold,Private,River Valley
3150000.0,1980.58,37,Freehold,Private,Bukit Merah
2510000.0,1194.8,14,Freehold,Private,Kallang
3500000.0,1442.38,13,Freehold,HDB,Marine Parade
3100000.0,2055.92,26,Leasehold,Private,Kallang
3370000.0,1367.03,13,Freehold,Private,Others
1220000.0,624.31,2,Leasehold,Private,Toa Payoh
2680000.0,1216.33,15,Freehold,Private,Marine Parade
1900000.0,904.18,10,Freehold,HDB,Marine Parade
2335000.0,1399.32,28,Freehold,HDB,Bukit Timah
1110000.0,548.96,15,Freehold,Private,Rochor
2290000.0,1097.93,12,Leasehold,Private,Novena
3285000.0,1517.72,15,Freehold,Private,Marine Parade
9600000.0,3444.48,7,Leasehold,Private,Bukit Merah
3560400.0,1679.18,10,Leasehold,Private,Southern Islands
2650000.0,1550.02,9,Leasehold,Private,Bukit Timah
2600000.0,1399.32,14,Leasehold,Private,Bukit Merah
2950000.0,1937.52,10,Freehold,Private,Bukit Timah
1840000.0,1302.44,20,Leasehold,Private,Bishan
2050000.0,1119.46,12,Leasehold,Private,Toa Payoh
2730000.0,1410.08,25,Freehold,Private,Bukit Timah
4280000.0,1905.23,20,Freehold,Private,Newton
1308000.0,645.84,1,Leasehold,HDB,Bishan
2650000.0,1582.31,12,Leasehold,HDB,Bishan
1770000.0,731.95,13,Leasehold,Private,Others
2650000.0,1700.71,18,Freehold,Private,Bukit Timah
890000.0,452.09,6,Leasehold,Private,Queenstown
3470000.0,1539.25,16,Freehold,Private,Novena
1698888.0,936.47,25,Leasehold,Private,Bukit Timah
1428000.0,861.12,5,Leasehold,HDB,Geylang
1533888.0,882.65,7,Leasehold,Private,Toa Payoh
975000.0,462.85,6,Leasehold,Private,Queenstown
3680000.0,1420.85,12,Freehold,HDB,River Valley
1728888.0,1022.58,12,Freehold,Private,Bukit Timah
2820000.0,1431.61,9,Leasehold,Private,Marine Parade
3229000.0,1270.15,19,Freehold,Private,Tanglin
2440000.0,1097.93,12,Leasehold,HDB,Novena
1410000.0,990.29,26,Leasehold,Private,Kallang
2328000.0,1280.92,10,Leasehold,Private,Geylang
2950000.0,1216.33,24,Freehold,Private,Others
1960000.0,1108.69,19,Leasehold,HDB,Marine Parade
1920000.0,1140.98,22,Leasehold,Private,Bukit Merah
1495000.0,807.3,10,Leasehold,Private,Bukit Merah
1300000.0,882.65,19,Leasehold,HDB,Bishan
965000.0,473.62,6,Leasehold,Private,Queenstown
2500000.0,1001.05,9,Freehold,HDB,Tanglin
1780000.0,882.65,13,Freehold,Private,Bukit Timah
1500000.0,1044.11,24,Freehold,Private,Bukit Timah
865000.0,462.85,7,Leasehold,HDB,Toa Payoh
4950000.0,2098.98,11,Freehold,HDB,Novena
2500000.0,1550.02,27,Freehold,Private,Toa Payoh
808000.0,559.73,7,Leasehold,HDB,Toa Payoh
2050000.0,947.23,21,Freehold,HDB,Novena
1460000.0,839.59,11,Leasehold,Private,Toa Payoh
4500000.0,2464.96,12,Leasehold,Private,Bukit Merah
3300000.0,1313.21,19,Freehold,Private,Tanglin
1468000.0,861.12,5,Leasehold,Private,Geylang
1180000.0,699.66,7,Leasehold,HDB,Kallang
3120000.0,1625.36,24,Freehold,HDB,Toa Payoh
1198000.0,667.37,6,Leasehold,Private,Geylang
2980000.0,2023.63,10,Leasehold,Private,Bukit Merah
1650000.0,699.66,5,Leasehold,HDB,Bukit Merah
6050000.0,2744.82,33,Freehold,Private,Bukit Timah
3069000.0,2088.22,45,Freehold,Private,Bukit Timah
2380000.0,1065.64,11,Freehold,Private,River Valley
2230000.0,1410.08,25,Freehold,Private,Bukit Timah
3680000.0,1216.33,12,Freehold,Private,River Valley
1933000.0,721.19,2,Freehold,Private,Bukit Timah
1675000.0,839.59,25,Freehold,Private,Bukit Timah
1485000.0,925.7,12,Leasehold,Private,Toa Payoh
1293000.0,742.72,7,Leasehold,Private,Toa Payoh
1860000.0,904.18,6,Leasehold,Private,Queenstown
1500000.0,936.47,7,Leasehold,Private,Kallang
1820000.0,979.52,19,Freehold,Private,Marine Parade
1230000.0,624.31,1,Leasehold,HDB,Toa Payoh
3050000.0,1700.71,11,Freehold,Private,Bukit Timah
1338000.0,699.66,7,Leasehold,HDB,Kallang
1910000.0,979.52,19,Leasehold,HDB,Novena
2000000.0,1345.5,26,Leasehold,Private,Kallang
1580000.0,1076.4,7,Freehold,Private,Queenstown
4120000.0,2098.98,1,Leasehold,Private,Bishan
3900000.0,1883.7,15,Leasehold,Private,Kallang
2000000.0,1119.46,6,Freehold,Private,Bukit Timah
1180000.0,570.49,4,Leasehold,Private,Kallang
2465000.0,882.65,2,Leasehold,Private,River Valley
2850000.0,1399.32,9,Leasehold,HDB,Bukit Timah
3368888.0,1291.68,12,Freehold,Private,River Valley
1600000.0,861.12,6,Leasehold,Private,Bukit Merah
1700000.0,731.95,7,Leasehold,Private,Bukit Merah
850000.0,452.09,4,Leasehold,Private,Toa Payoh
1060000.0,581.26,12,Leasehold,Private,Novena
3200000.0,1829.88,26,Freehold,Private,Queenstown
1640000.0,861.12,15,Freehold,HDB,Kallang
1128800.0,753.48,17,Freehold,Private,Geylang
2168000.0,1162.51,23,Freehold,Private,Toa Payoh
5430000.0,1926.76,13,Freehold,Private,Tanglin
1340000.0,775.01,14,Leasehold,Private,Bukit Merah
1680000.0,1248.62,26,Leasehold,Private,Queenstown
1220000.0,678.13,16,Leasehold,Private,Kallang
2030000.0,1162.51,8,Freehold,HDB,Geylang
5100000.0,2626.42,26,Leasehold,Private,Kallang
3030000.0,1711.48,12,Leasehold,Private,Bukit Merah
1720000.0,968.76,7,Leasehold,HDB,Toa Payoh
1645000.0,1044.11,10,Leasehold,Private,Bukit Merah
1232000.0,882.65,19,Leasehold,HDB,Bishan
1742000.0,1345.5,29,Leasehold,Private,Bishan
1390000.0,602.78,2,Leasehold,HDB,Toa Payoh
2980000.0,1603.84,41,Freehold,HDB,Marine Parade
2350000.0,1140.98,14,Freehold,Private,Newton
2430000.0,1087.16,5,Leasehold,Private,Bukit Merah
1616000.0,893.41,8,Leasehold,Private,Bishan
1450000.0,753.48,1,Leasehold,Private,Toa Payoh
1435000.0,828.83,20,Leasehold,HDB,Kallang
1460000.0,678.13,2,Leasehold,Private,Toa Payoh
888000.0,419.8,4,Leasehold,Private,Kallang
4288888.0,1733.0,19,Freehold,Private,Newton
3008000.0,1560.78,41,Freehold,Private,Tanglin
1035000.0,592.02,4,Leasehold,HDB,Toa Payoh
808000.0,419.8,4,Leasehold,HDB,Kallang
865000.0,462.85,8,Freehold,Private,Geylang
2320000.0,1313.21,16,Leasehold,Private,Kallang
1428888.0,775.01,4,Leasehold,Private,Toa Payoh
3200000.0,1388.56,15,Freehold,Private,Tanglin
3350000.0,1743.77,42,Freehold,Private,Bukit Timah
2880000.0,1485.43,23,Freehold,Private,Toa Payoh
1580000.0,871.88,16,Leasehold,Private,Kallang
2530000.0,1237.86,19,Leasehold,Private,Novena
1895000.0,1173.28,17,Leasehold,Private,Southern Islands
1480000.0,1076.4,20,Leasehold,Private,Bishan
1150000.0,624.31,1,Leasehold,Private,Toa Payoh
945000.0,667.37,11,Freehold,Private,Kallang
1538000.0,764.24,1,Leasehold,Private,Bishan
2500000.0,1969.81,43,Leasehold,Private,Bukit Timah
3150000.0,1323.97,11,Freehold,Private,Bukit Timah
1350000.0,699.66,1,Leasehold,Private,Toa Payoh
2034000.0,1130.22,17,Leasehold,Private,Bukit Timah
1760000.0,1022.58,8,Leasehold,Private,Bishan
1245000.0,764.24,5,Leasehold,HDB,Geylang
2400000.0,1367.03,19,Leasehold,Private,Marine Parade
2450000.0,1259.39,9,Leasehold,Private,Bukit Timah
845000.0,441.32,7,Leasehold,HDB,Kallang
10698888.0,2949.34,11,Freehold,Private,Tanglin
1550000.0,678.13,8,Freehold,Private,Tanglin
1850000.0,1151.75,22,Leasehold,Private,Bukit Merah
4950000.0,2669.47,41,Freehold,Private,Bukit Timah
1320000.0,936.47,26,Leasehold,HDB,Queenstown
4510500.0,2163.56,12,Leasehold,Private,Southern Islands
2618000.0,1216.33,26,Freehold,Private,Tanglin
12800000.0,2884.75,22,Freehold,Private,Newton
2085000.0,1323.97,6,Leasehold,HDB,Geylang
1260000.0,731.95,19,Leasehold,Private,Kallang
1200000.0,968.76,26,Leasehold,Private,Queenstown
2000000.0,958.0,12,Leasehold,Private,Novena
1420000.0,990.29,18,Leasehold,Private,Kallang
2588000.0,1420.85,14,Leasehold,Private,Bukit Merah
1320000.0,678.13,7,Leasehold,Private,Bishan
3910000.0,1733.0,19,Freehold,Private,Newton
1238000.0,914.94,20,Leasehold,HDB,Bishan
1000000.0,473.62,7,Freehold,HDB,Kallang
1950000.0,1323.97,19,Leasehold,HDB,Geylang
3570000.0,1646.89,1,Leasehold,Private,Bishan
1425000.0,742.72,1,Leasehold,HDB,Bukit Timah
3480000.0,1399.32,18,Freehold,Private,Bukit Timah
1930000.0,1377.79,22,Leasehold,Private,Bukit Merah
4650000.0,1915.99,17,Freehold,Private,Others
2720000.0,1560.78,12,Leasehold,Private,Bukit Merah
3500000.0,1420.85,19,Freehold,Private,River Valley
1350000.0,678.13,7,Leasehold,HDB,Bishan
2288000.0,1334.74,24,Leasehold,HDB,Others
1895000.0,1001.05,7,Leasehold,HDB,Bukit Merah
4125000.0,2325.02,28,Freehold,Private,Kallang
2680000.0,1765.3,10,Leasehold,Private,Bukit Merah
2380000.0,1539.25,19,Leasehold,HDB,Bukit Timah
4680000.0,1679.18,13,Freehold,Private,River Valley
1125000.0,624.31,6,Leasehold,HDB,Geylang
1060000.0,914.94,7,Leasehold,HDB,Toa Payoh
4190000.0,2400.37,31,Freehold,Private,Kallang
3320000.0,2098.98,30,Freehold,Private,Bukit Timah
7500000.0,3261.49,21,Freehold,Private,Tanglin
1758888.0,958.0,19,Leasehold,HDB,Novena
5700000.0,2131.27,11,Freehold,Private,River Valley
2900000.0,1345.5,8,Freehold,HDB,Bukit Merah
2850000.0,1302.44,38,Freehold,HDB,Tanglin
1934000.0,721.19,2,Freehold,Private,Bukit Timah
1575000.0,871.88,9,Leasehold,Private,Marine Parade
1300000.0,1173.28,24,Leasehold,HDB,Bukit Timah
1200000.0,548.96,8,Leasehold,Private,River Valley
1140000.0,667.37,6,Leasehold,Private,Geylang
1345000.0,624.31,3,Leasehold,HDB,Queenstown
3635000.0,1420.85,12,Freehold,Private,River Valley
2350000.0,1280.92,9,Leasehold,Private,Bukit Timah
3780000.0,1829.88,27,Freehold,Private,Tanglin
2780000.0,1184.04,7,Freehold,Private,Kallang
13200000.0,5608.04,13,Freehold,Private,Marine Parade
2688000.0,1162.51,11,Freehold,Private,Novena
3300000.0,1582.31,25,Freehold,Private,River Valley
1860000.0,1184.04,21,Leasehold,HDB,Queenstown
2900000.0,2034.4,9,Freehold,Private,Rochor
1768000.0,850.36,7,Leasehold,HDB,Newton
4150000.0,2518.78,15,Freehold,Private,Bukit Timah
3850000.0,2142.04,31,Freehold,HDB,Kallang
1688000.0,947.23,4,Leasehold,Private,Toa Payoh
1510000.0,914.94,21,Leasehold,Private,Queenstown
2290000.0,1205.57,14,Freehold,Private,Kallang
4800000.0,2766.35,12,Leasehold,Private,Southern Islands
1984000.0,688.9,2,Freehold,HDB,Bukit Timah
2380000.0,1173.28,6,Leasehold,Private,Bukit Merah
2350000.0,1356.26,7,Leasehold,Private,Kallang
1526000.0,785.77,9,Leasehold,Private,Bukit Timah
1200000.0,678.13,4,Leasehold,Private,Toa Payoh
8100000.0,2841.7,12,Freehold,HDB,River Valley
4550000.0,1959.05,13,Freehold,Private,Marine Parade
1360000.0,775.01,4,Leasehold,HDB,Toa Payoh
3130000.0,1237.86,21,Freehold,Private,Others
2030000.0,1345.5,19,Leasehold,HDB,Geylang
1926000.0,1453.14,19,Leasehold,Private,Kallang
1200000.0,914.94,20,Leasehold,Private,Bishan
945000.0,462.85,6,Leasehold,HDB,Queenstown
2100000.0,936.47,24,Freehold,Private,Others
3200000.0,1485.43,12,Freehold,Private,Bukit Timah
1920000.0,936.47,12,Leasehold,Private,Novena
1600000.0,1216.33,24,Freehold,Private,Queenstown
2310000.0,1410.08,21,Leasehold,HDB,Queenstown
5544900.0,2508.01,10,Leasehold,Private,Southern Islands
808888.0,441.32,7,Leasehold,HDB,Kallang
1508000.0,699.66,7,Leasehold,Private,Tanglin
1475000.0,904.18,8,Leasehold,Private,Bishan
3625000.0,1980.58,9,Leasehold,Private,Bukit Timah
1970000.0,1033.34,6,Leasehold,HDB,Geylang
1368000.0,699.66,1,Leasehold,Private,Toa Payoh
3158000.0,1862.17,34,Freehold,Private,Bishan
11000000.0,7082.71,11,Freehold,Private,Bukit Timah
1735000.0,1323.97,29,Leasehold,Private,Bishan
1730000.0,882.65,19,Leasehold,Private,Bukit Merah
3780000.0,1905.23,7,Leasehold,Private,Tanglin
2400000.0,1237.86,19,Leasehold,Private,Novena
952000.0,495.14,5,Leasehold,Private,Bukit Merah
3150000.0,1560.78,15,Freehold,Private,Marine Parade
2438000.0,1022.58,34,Freehold,Private,Tanglin
1460000.0,742.72,1,Leasehold,HDB,Bukit Timah
2800000.0,1539.25,6,Leasehold,Private,Bukit Merah
4609400.0,2680.24,13,Leasehold,Private,Southern Islands
1468000.0,947.23,17,Freehold,Private,Geylang
1808000.0,839.59,17,Leasehold,Private,Bukit Merah
1690000.0,839.59,0,Leasehold,HDB,Bukit Timah
1620000.0,807.3,3,Leasehold,HDB,Queenstown
2400000.0,1302.44,7,Leasehold,Private,Toa Payoh
2450000.0,1291.68,4,Leasehold,HDB,Kallang
2280000.0,1356.26,19,Leasehold,Private,Kallang
2900000.0,1550.02,15,Freehold,Private,Kallang
5160000.0,2755.58,12,Freehold,Private,Bukit Timah
2300000.0,1001.05,15,Freehold,Private,Marine Parade
3500000.0,1474.67,18,Freehold,Private,Bukit Timah
1950000.0,1194.8,23,Leasehold,HDB,Queenstown
1280000.0,979.52,25,Leasehold,HDB,Geylang
1180000.0,613.55,1,Leasehold,HDB,Toa Payoh
1280000.0,742.72,7,Leasehold,HDB,Toa Payoh
1448888.0,721.19,4,Leasehold,HDB,Kallang
2770000.0,1743.77,12,Leasehold,Private,Bishan
2248000.0,1442.38,12,Freehold,Private,Marine Parade
1920000.0,1227.1,27,Leasehold,HDB,Bukit Timah
1900005.0,1194.8,8,Leasehold,Private,Bishan
3838000.0,2066.69,23,Leasehold,Private,Others
5200000.0,2249.68,36,Freehold,Private,Tanglin
1866000.0,904.18,1,Leasehold,HDB,Bishan
2050000.0,1216.33,19,Leasehold,Private,Kallang
2480000.0,1453.14,16,Leasehold,Private,Rochor
3620000.0,2217.38,26,Leasehold,Private,Kallang
970000.0,495.14,5,Leasehold,HDB,Bukit Merah
1740000.0,796.54,6,Leasehold,HDB,Queenstown
3260000.0,1582.31,13,Freehold,Private,Bukit Timah
1720000.0,828.83,4,Leasehold,Private,Kallang
2500000.0,1733.0,30,Freehold,Private,Queenstown
1965000.0,1313.21,23,Leasehold,Private,Queenstown
3820000.0,1528.49,13,Freehold,HDB,Marine Parade
5762000.0,2508.01,10,Leasehold,Private,Southern Islands
2680000.0,1420.85,9,Leasehold,Private,Bukit Timah
2650000.0,1474.67,10,Leasehold,Private,Bukit Merah
2441000.0,1065.64,2,Leasehold,Private,Toa Payoh
1183000.0,710.42,6,Leasehold,Private,Geylang
7225000.0,2992.39,21,Freehold,Private,Tanglin
1310000.0,624.31,38,Freehold,Private,Tanglin
827000.0,484.38,6,Leasehold,Private,Geylang
3000000.0,1668.42,27,Leasehold,Private,Tanglin
1640000.0,1237.86,19,Leasehold,HDB,Geylang
2215000.0,1130.22,17,Leasehold,Private,Bukit Timah
1535000.0,1011.82,26,Leasehold,Private,Kallang
8400000.0,3024.68,7,Leasehold,Private,Bukit Merah
1580000.0,947.23,5,Leasehold,HDB,Geylang
1960000.0,1216.33,19,Leasehold,Private,Kallang
2200000.0,1614.6,12,Leasehold,Private,Toa Payoh
800000.0,441.32,7,Leasehold,Private,Kallang
8000000.0,3390.66,12,Leasehold,Private,Bukit Merah
2780000.0,1377.79,26,Freehold,Private,Bukit Timah
1420000.0,958.0,16,Leasehold,Private,Rochor
1325000.0,699.66,1,Leasehold,Private,Toa Payoh
5527000.0,2508.01,10,Leasehold,Private,Southern Islands
925000.0,495.14,1,Leasehold,HDB,Toa Payoh
2050000.0,990.29,13,Freehold,Private,Bukit Timah
3250000.0,1506.96,15,Freehold,Private,Bukit Timah
2680000.0,1216.33,26,Freehold,Private,Tanglin
1680000.0,871.88,9,Freehold,Private,Novena
2558300.0,1334.74,1,Leasehold,Private,Toa Payoh
1725000.0,958.0,6,Leasehold,Private,Geylang
2070888.0,1765.3,26,Freehold,Private,Kallang
2700000.0,1087.16,11,Freehold,Private,Novena
920000.0,495.14,5,Leasehold,HDB,Bukit Merah
1380000.0,785.77,6,Freehold,Private,Bukit Timah
2870000.0,1539.25,19,Leasehold,Private,Marine Parade
3500000.0,3132.32,12,Freehold,Private,Bukit Timah
1530000.0,775.01,3,Leasehold,HDB,Queenstown
4500000.0,3810.46,40,Leasehold,Private,Bukit Timah
1450000.0,678.13,2,Leasehold,HDB,Toa Payoh
2400000.0,1388.56,27,Leasehold,Private,Tanglin
1260000.0,570.49,8,Leasehold,Private,River Valley
1400000.0,785.77,14,Leasehold,Private,Bukit Merah
1608000.0,1022.58,25,Freehold,Private,Bukit Timah
1735000.0,968.76,7,Leasehold,Private,Toa Payoh
2740000.0,1001.05,10,Freehold,Private,Newton
1750000.0,882.65,13,Freehold,Private,Bukit Timah
2080000.0,1097.93,1,Leasehold,Private,Toa Payoh
1700000.0,828.83,7,Freehold,Private,Kallang
1580000.0,688.9,7,Freehold,Private,Marine Parade
988000.0,570.49,5,Leasehold,Private,Geylang
1853650.0,710.42,2,Freehold,Private,Bukit Timah
2350000.0,1140.98,7,Leasehold,HDB,Bishan
1640000.0,764.24,1,Leasehold,Private,Bishan
775000.0,409.03,6,Leasehold,HDB,Geylang
1655000.0,1248.62,26,Leasehold,Private,Queenstown
948888.0,462.85,2,Leasehold,HDB,Toa Payoh
2600000.0,1582.31,25,Leasehold,Private,Bukit Timah
5601000.0,2508.01,10,Leasehold,Private,Southern Islands
2320000.0,1151.75,5,Leasehold,Private,Bukit Merah
2150000.0,1248.62,12,Leasehold,Private,Bishan
2350000.0,1291.68,12,Leasehold,HDB,Bishan
1230000.0,656.6,6,Freehold,HDB,Bukit Timah
3550000.0,3336.84,10,Leasehold,Private,Bukit Merah
6280000.0,2023.63,13,Freehold,Private,Newton
1225000.0,936.47,26,Leasehold,Private,Queenstown
1343000.0,958.0,16,Leasehold,Private,Rochor
3680000.0,1722.24,10,Leasehold,Private,Southern Islands
3400000.0,1625.36,29,Freehold,Private,Tanglin
3800000.0,2357.32,12,Leasehold,Private,Bukit Merah
1680000.0,925.7,16,Leasehold,Private,Kallang
7100000.0,3379.9,13,Freehold,Private,Tanglin
3350000.0,1668.42,30,Freehold,Private,Tanglin
1578000.0,764.24,1,Leasehold,HDB,Bishan
1510000.0,947.23,16,Leasehold,Private,Kallang
3030000.0,1496.2,9,Leasehold,Private,Marine Parade
1030000.0,570.49,4,Leasehold,Private,Toa Payoh
1420000.0,785.77,6,Leasehold,Private,Geylang
3830000.0,1959.05,38,Freehold,Private,Bukit Timah
1848000.0,1054.87,15,Freehold,HDB,Toa Payoh
4200000.0,2411.14,31,Freehold,Private,Kallang
2200000.0,1022.58,34,Freehold,Private,Tanglin
2240000.0,1130.22,13,Leasehold,HDB,Others
1500000.0,818.06,7,Leasehold,Private,Toa Payoh
1300000.0,775.01,19,Leasehold,Private,Kallang
4728000.0,2411.14,31,Freehold,Private,Kallang
3760000.0,1399.32,2,Leasehold,Private,River Valley
4850008.0,2820.17,14,Leasehold,Private,Southern Islands
1310000.0,699.66,1,Leasehold,HDB,Toa Payoh
1910000.0,1313.21,27,Leasehold,Private,Bukit Timah
2080000.0,1162.51,8,Leasehold,HDB,Bishan
2000000.0,1205.57,23,Leasehold,Private,Queenstown
1670000.0,871.88,0,Leasehold,Private,Bukit Timah
1575000.0,699.66,5,Leasehold,Private,Bukit Merah
1420000.0,688.9,6,Leasehold,Private,Queenstown
1466000.0,1248.62,25,Leasehold,HDB,Geylang
2410000.0,1216.33,14,Freehold,Private,Kallang
1290000.0,678.13,16,Leasehold,Private,Kallang
4300000.0,1689.95,31,Freehold,Private,Newton
2800000.0,1140.98,15,Freehold,HDB,Others
3080000.0,2055.92,26,Leasehold,Private,Kallang
3610000.0,1636.13,13,Freehold,Private,Bukit Merah
888000.0,667.37,11,Freehold,HDB,Kallang
2260000.0,1205.57,15,Freehold,HDB,Kallang
3260000.0,1722.24,11,Freehold,Private,Bukit Timah
2055000.0,1216.33,19,Leasehold,Private,Kallang
1200000.0,570.49,13,Freehold,Private,Bukit Timah
2090000.0,1022.58,20,Freehold,HDB,Bukit Timah
7580000.0,3519.83,21,Freehold,Private,Tanglin
1880000.0,958.0,12,Leasehold,HDB,Novena
3080000.0,1076.4,2,Freehold,Private,Bukit Timah
3080000.0,2163.56,11,Leasehold,Private,Novena
3100000.0,1356.26,33,Freehold,Private,Bukit Timah
1450000.0,990.29,18,Leasehold,Private,Kallang
723888.0,398.27,11,Leasehold,HDB,Toa Payoh
6374500.0,2852.46,12,Leasehold,Private,Southern Islands
2420000.0,1463.9,16,Leasehold,Private,Rochor
1690000.0,1087.16,30,Leasehold,HDB,Bukit Merah
2500000.0,1377.79,25,Leasehold,Private,Bukit Timah
2660000.0,1291.68,4,Leasehold,Private,Kallang
1910000.0,936.47,12,Leasehold,HDB,Novena
1680000.0,1033.34,7,Leasehold,HDB,Kallang
1670000.0,688.9,8,Freehold,Private,Tanglin
2544108.0,1302.44,9,Freehold,Private,Novena
1450000.0,721.19,4,Leasehold,HDB,Kallang
3600000.0,1991.34,18,Freehold,HDB,Bukit Timah
6780000.0,2012.87,13,Freehold,Private,Tanglin
2300000.0,1140.98,7,Leasehold,Private,Bishan
1740000.0,818.06,0,Leasehold,HDB,Bukit Timah
1420000.0,1140.98,23,Leasehold,HDB,Bishan
7260000.0,4714.63,13,Freehold,Private,Bukit Timah
1240000.0,785.77,23,Leasehold,Private,Others
2620000.0,1463.9,26,Freehold,Private,Queenstown
952000.0,527.44,10,Freehold,Private,Bukit Timah
6100000.0,2787.88,13,Freehold,Private,Newton
6800000.0,2723.29,7,Leasehold,Private,Bukit Merah
1500000.0,699.66,5,Leasehold,HDB,Rochor
1405000.0,839.59,11,Leasehold,Private,Toa Payoh
1090000.0,699.66,29,Freehold,Private,Geylang
1120000.0,570.49,5,Leasehold,Private,Rochor
2731000.0,1506.96,11,Leasehold,Private,Novena
2000000.0,1216.33,19,Leasehold,Private,Kallang
1450888.0,753.48,1,Leasehold,Private,Toa Payoh
2315008.0,1603.84,17,Leasehold,Private,Southern Islands
18000000.0,3584.41,9,Freehold,Private,Newton
3600000.0,2615.65,38,Freehold,Private,Queenstown
898000.0,495.14,1,Leasehold,Private,Toa Payoh
2038888.0,1001.05,7,Leasehold,HDB,Bukit Merah
1270000.0,645.84,1,Leasehold,HDB,Toa Payoh
1520000.0,850.36,7,Leasehold,Private,Toa Payoh
1950000.0,1130.22,17,Leasehold,HDB,Bukit Timah
1380000.0,861.12,16,Leasehold,Private,Rochor
1958000.0,1280.92,26,Leasehold,Private,Kallang
1850000.0,1270.15,18,Leasehold,Private,Kallang
1820000.0,958.0,19,Leasehold,Private,Novena
1950000.0,1065.64,9,Leasehold,HDB,Marine Parade
1633000.0,1270.15,29,Leasehold,Private,Bishan
1350000.0,753.48,1,Leasehold,Private,Toa Payoh
1968888.0,828.83,8,Freehold,HDB,Bukit Merah
1790000.0,1001.05,6,Leasehold,Private,Geylang
1660000.0,753.48,0,Leasehold,Private,Bukit Timah
9000000.0,3100.03,7,Leasehold,Private,Bukit Merah
830000.0,581.26,10,Leasehold,HDB,Geylang
1150000.0,807.3,26,Leasehold,Private,Kallang
3500000.0,1883.7,29,Freehold,Private,Bukit Timah
1400000.0,699.66,1,Leasehold,Private,Toa Payoh
10500000.0,2744.82,9,Freehold,Private,River Valley
3070000.0,1453.14,14,Freehold,Private,Tanglin
2300000.0,1065.64,26,Freehold,Private,Tanglin
1590000.0,764.24,1,Leasehold,HDB,Bishan
1855000.0,710.42,2,Freehold,Private,Bukit Timah
1780000.0,1033.34,38,Freehold,Private,Bukit Timah
3800000.0,2604.89,14,Freehold,Private,Bukit Timah
1180000.0,505.91,0,Leasehold,Private,Bukit Timah
1650000.0,1162.51,18,Leasehold,Private,Bukit Merah
2258000.0,990.29,11,Freehold,HDB,Bukit Timah
1932300.0,1130.22,12,Leasehold,HDB,Bukit Merah
1600000.0,764.24,1,Leasehold,Private,Bishan
4380000.0,2400.37,31,Freehold,Private,Kallang
1338000.0,839.59,7,Leasehold,Private,Toa Payoh
3500000.0,3907.33,10,Leasehold,Private,Bukit Merah
980000.0,441.32,3,Leasehold,Private,Queenstown
3250000.0,1689.95,9,Leasehold,Private,Bukit Timah
3040000.0,1313.21,19,Freehold,Private,River Valley
5741000.0,2669.47,12,Leasehold,Private,Southern Islands
2325000.0,1248.62,8,Leasehold,HDB,Bishan
3350000.0,1463.9,15,Freehold,HDB,Novena
2250000.0,2195.86,16,Freehold,Private,Toa Payoh
4488000.0,2163.56,12,Leasehold,Private,Southern Islands
2740000.0,1485.43,23,Freehold,HDB,Toa Payoh
2336666.0,1463.9,23,Leasehold,HDB,Queenstown
2300000.0,1894.46,24,Leasehold,Private,Others
3750000.0,1614.6,9,Freehold,Private,Novena
1690000.0,958.0,10,Leasehold,Private,Bukit Merah
8880000.0,2669.47,19,Freehold,Private,Tanglin
1180000.0,592.02,16,Leasehold,HDB,Kallang
1867900.0,710.42,2,Freehold,Private,Bukit Timah
5068000.0,2518.78,9,Leasehold,Private,Marine Parade
2240000.0,947.23,10,Freehold,Private,Bukit Merah
2258800.0,818.06,2,Freehold,Private,Bukit Timah
1700000.0,1054.87,23,Leasehold,Private,Others
1210000.0,699.66,6,Leasehold,HDB,Geylang
1800000.0,1044.11,13,Leasehold,Private,Geylang
1220000.0,645.84,1,Leasehold,Private,Toa Payoh
4300000.0,1948.28,14,Freehold,Private,Tanglin
3588800.0,2088.22,25,Leasehold,Private,Bukit Timah
1080000.0,419.8,7,Freehold,Private,Kallang
2950000.0,1377.79,13,Freehold,Private,Marine Parade
2070000.0,1259.39,23,Leasehold,HDB,Others
2450000.0,1280.92,6,Leasehold,HDB,Bukit Merah
3850000.0,1453.14,21,Freehold,Private,Others
1235000.0,721.19,7,Leasehold,HDB,Toa Payoh
7480000.0,2260.44,29,Freehold,Private,River Valley
1880000.0,1065.64,9,Leasehold,HDB,Marine Parade
2390000.0,1302.44,7,Leasehold,Private,Toa Payoh
5550000.0,2508.01,10,Leasehold,Private,Southern Islands
3578000.0,1679.18,10,Leasehold,Private,Southern Islands
4670000.0,2927.81,18,Freehold,Private,Bukit Timah
5736000.0,2508.01,10,Leasehold,Private,Southern Islands
1580000.0,570.49,8,Leasehold,Private,River Valley
2168000.0,968.76,20,Freehold,Private,Bukit Timah
1580000.0,764.24,1,Leasehold,HDB,Bishan
2330000.0,1280.92,26,Freehold,Private,Bukit Timah
4800000.0,2669.47,44,Freehold,Private,Bukit Timah
2490000.0,1280.92,9,Leasehold,Private,Bukit Timah
2280000.0,1076.4,6,Leasehold,Private,Queenstown
7150000.0,2497.25,10,Freehold,Private,Newton
7850000.0,3229.2,21,Freehold,Private,Tanglin
1220000.0,624.31,10,Leasehold,Private,Geylang
2730000.0,1313.21,15,Freehold,Private,Marine Parade
1840000.0,914.94,7,Leasehold,Private,Bukit Merah
3825000.0,2077.45,35,Freehold,Private,Marine Parade
2600000.0,1313.21,19,Freehold,HDB,Geylang
3000000.0,2281.97,7,Leasehold,Private,Toa Payoh
2120000.0,1097.93,1,Leasehold,HDB,Toa Payoh
3100000.0,1948.28,12,Leasehold,Private,Bukit Merah
790000.0,441.32,6,Leasehold,Private,Geylang
1308888.0,570.49,27,Freehold,Private,Others
2818000.0,1259.39,7,Freehold,Private,Kallang
2090000.0,1097.93,1,Leasehold,Private,Toa Payoh
1680000.0,871.88,19,Leasehold,Private,Bukit Merah
4538000.0,3218.44,10,Leasehold,Private,Bukit Merah
2800000.0,1420.85,10,Freehold,HDB,Novena
1628000.0,839.59,19,Leasehold,HDB,Bukit Merah
1880000.0,1097.93,11,Leasehold,HDB,Toa Payoh
1550000.0,914.94,21,Leasehold,HDB,Queenstown
1915000.0,1259.39,18,Leasehold,Private,Kallang
1293000.0,602.78,10,Freehold,HDB,Bukit Merah
3300000.0,1571.54,25,Freehold,Private,River Valley
2080000.0,1033.34,6,Leasehold,Private,Queenstown
2818000.0,1345.5,25,Freehold,Private,River Valley
1513500.0,796.54,6,Leasehold,Private,Bukit Merah
1900000.0,1227.1,19,Leasehold,HDB,Bishan
803888.0,441.32,7,Leasehold,HDB,Toa Payoh
3280000.0,1496.2,27,Freehold,Private,Others
1580000.0,914.94,9,Leasehold,HDB,Bukit Timah
2200000.0,1011.82,1,Leasehold,Private,Bishan
1710000.0,731.95,7,Leasehold,HDB,Bukit Merah
2460000.0,1140.98,7,Leasehold,Private,Bishan
2060000.0,1474.67,28,Leasehold,Private,Bukit Timah
4800000.0,2658.71,14,Freehold,Private,Tanglin
3753000.0,1991.34,19,Leasehold,Private,Novena
1065000.0,688.9,7,Leasehold,HDB,Toa Payoh
1550000.0,764.24,1,Leasehold,Private,Bishan
1668000.0,764.24,1,Leasehold,HDB,Bishan
1300000.0,785.77,19,Leasehold,Private,Kallang
1450000.0,1367.03,22,Leasehold,Private,Geylang
2530000.0,807.3,5,Freehold,Private,River Valley
5100000.0,2411.14,18,Freehold,Private,Bukit Timah
700000.0,462.85,6,Leasehold,Private,Geylang
1680000.0,764.24,1,Leasehold,HDB,Bishan
2700000.0,1388.56,45,Freehold,Private,Novena
985888.0,462.85,6,Leasehold,HDB,Queenstown
2920000.0,1840.64,25,Leasehold,Private,Bukit Timah
3980000.0,2981.63,45,Freehold,Private,Bukit Timah
2420000.0,1356.26,38,Freehold,Private,Bukit Merah
3300000.0,1539.25,10,Freehold,Private,Newton
3500000.0,1463.9,15,Freehold,Private,Novena
1500000.0,678.13,2,Leasehold,Private,Toa Payoh
2230000.0,1345.5,25,Leasehold,Private,Bukit Timah
2038000.0,1184.04,12,Leasehold,Private,Bukit Merah
1680000.0,1022.58,13,Leasehold,Private,Geylang
1890000.0,1011.82,1,Leasehold,Private,Toa Payoh
1700000.0,1194.8,19,Leasehold,Private,Geylang
1868000.0,1194.8,7,Leasehold,Private,Kallang
870000.0,419.8,4,Leasehold,HDB,Kallang
3330000.0,1463.9,12,Freehold,Private,Bukit Timah
2880000.0,1334.74,25,Freehold,HDB,Bukit Timah
2180000.0,1313.21,13,Leasehold,HDB,Geylang
11600000.0,4854.56,7,Leasehold,Private,Bukit Merah
1600000.0,1140.98,23,Leasehold,HDB,Bishan
1820000.0,1076.4,12,Leasehold,HDB,Bukit Merah
1950000.0,1291.68,28,Leasehold,HDB,Bukit Merah
1832000.0,1033.34,6,Leasehold,Private,Geylang
2648000.0,1625.36,24,Freehold,Private,Toa Payoh
1630000.0,936.47,7,Leasehold,Private,Kallang
1540000.0,828.83,4,Leasehold,Private,Kallang
4300000.0,1905.23,10,Leasehold,Private,Southern Islands
3125000.0,1496.2,18,Freehold,Private,Bukit Timah
2000000.0,1065.64,9,Leasehold,Private,Marine Parade
860000.0,452.09,4,Leasehold,HDB,Toa Payoh
1350000.0,548.96,8,Leasehold,Private,River Valley
1350000.0,721.19,6,Freehold,HDB,Bukit Timah
965000.0,505.91,5,Leasehold,Private,Bukit Merah
1548888.0,764.24,1,Leasehold,Private,Bishan
2935000.0,2066.69,10,Leasehold,Private,Bukit Merah
1850000.0,1054.87,13,Freehold,Private,Novena
1200000.0,699.66,7,Leasehold,Private,Kallang
2650000.0,1001.05,10,Freehold,Private,Newton
1280000.0,721.19,7,Leasehold,Private,Toa Payoh
5000000.0,2271.2,13,Freehold,HDB,Toa Payoh
900000.0,484.38,6,Leasehold,HDB,Queenstown
3000000.0,2292.73,9,Freehold,Private,Rochor
1738000.0,1001.05,9,Freehold,Private,Queenstown
1960000.0,958.0,6,Leasehold,Private,Bukit Merah
1213888.0,667.37,6,Leasehold,HDB,Geylang
9000000.0,6113.95,26,Leasehold,Private,Kallang
1390000.0,699.66,1,Leasehold,HDB,Toa Payoh
1300000.0,548.96,8,Leasehold,HDB,River Valley
2160000.0,1097.93,17,Leasehold,Private,Bukit Merah
3150000.0,2583.36,19,Leasehold,Private,Bukit Merah
2198000.0,818.06,2,Freehold,Private,Bukit Timah
2215000.0,1011.82,1,Leasehold,Private,Bishan
1750000.0,1323.97,29,Leasehold,Private,Bishan
2250000.0,1528.49,28,Leasehold,HDB,Bukit Merah
1200000.0,624.31,1,Leasehold,HDB,Toa Payoh
2030000.0,968.76,15,Freehold,Private,Rochor
6700000.0,2012.87,13,Freehold,Private,Tanglin
3850000.0,2098.98,16,Leasehold,Private,Newton
968000.0,484.38,6,Leasehold,Private,Queenstown
1480000.0,936.47,7,Leasehold,Private,Kallang
2650000.0,1420.85,26,Freehold,HDB,Queenstown
2900000.0,1442.38,16,Freehold,Private,Bukit Merah
2400000.0,1388.56,10,Leasehold,HDB,Geylang
5000000.0,2809.4,26,Leasehold,Private,Kallang
3650000.0,1614.6,13,Freehold,Private,Marine Parade
1400000.0,710.42,8,Leasehold,HDB,Bishan
3350000.0,2325.02,45,Freehold,Private,Bukit Timah
2850000.0,1323.97,25,Freehold,Private,River Valley
2858000.0,1560.78,12,Leasehold,HDB,Toa Payoh
1340000.0,699.66,1,Leasehold,Private,Toa Payoh
1685000.0,1033.34,23,Leasehold,Private,Others
1450000.0,742.72,1,Leasehold,HDB,Toa Payoh
5900000.0,2540.3,9,Freehold,Private,River Valley
2307000.0,1065.64,14,Freehold,Private,Tanglin
2300000.0,1194.8,9,Leasehold,Private,Bukit Timah
1700000.0,947.23,28,Freehold,Private,Bukit Timah
2500000.0,1420.85,27,Freehold,Private,Tanglin
1192000.0,785.77,10,Leasehold,Private,Geylang
1228000.0,570.49,2,Leasehold,Private,Toa Payoh
2620000.0,1388.56,7,Leasehold,Private,Tanglin
1875000.0,1140.98,22,Leasehold,Private,Bukit Merah
1845000.0,828.83,8,Freehold,Private,Bukit Merah
2350000.0,1259.39,19,Leasehold,Private,Novena
6800000.0,2271.2,21,Freehold,Private,Tanglin
745000.0,409.03,13,Freehold,HDB,Queenstown
1110000.0,527.44,1,Leasehold,Private,Bishan
3568000.0,1679.18,10,Leasehold,Private,Southern Islands
3220000.0,1679.18,32,Freehold,HDB,Novena
1880000.0,1550.02,29,Leasehold,Private,Bishan
2355000.0,1313.21,4,Leasehold,Private,Toa Payoh
1950000.0,1184.04,21,Leasehold,Private,Queenstown
1480000.0,688.9,6,Leasehold,Private,Queenstown
2250000.0,1248.62,8,Leasehold,HDB,Bishan
7888888.0,4251.78,9,Leasehold,Private,Bukit Timah
990000.0,462.85,2,Leasehold,HDB,Toa Payoh
1720000.0,893.41,26,Freehold,Private,Bukit Timah
1195000.0,645.84,9,Leasehold,HDB,Bukit Timah
2450000.0,1313.21,4,Leasehold,HDB,Toa Payoh
4110000.0,2174.33,12,Leasehold,Private,Southern Islands
2080000.0,1011.82,1,Leasehold,Private,Bishan
980000.0,570.49,7,Leasehold,Private,Toa Payoh
15200000.0,5747.98,26,Freehold,Private,Tanglin
1338000.0,592.02,10,Freehold,Private,Bukit Merah
7800000.0,3616.7,9,Freehold,Private,River Valley
1420000.0,1323.97,26,Leasehold,Private,Queenstown
1168000.0,667.37,6,Leasehold,Private,Geylang
3448888.0,1862.17,8,Leasehold,Private,Bishan
1490000.0,850.36,7,Leasehold,Private,Toa Payoh
1668000.0,968.76,7,Leasehold,HDB,Toa Payoh
3280000.0,1937.52,12,Freehold,Private,Queenstown
1688000.0,1205.57,25,Freehold,HDB,Bukit Timah
1168000.0,527.44,1,Leasehold,HDB,Bishan
1240000.0,624.31,1,Leasehold,HDB,Toa Payoh
2500000.0,1184.04,10,Leasehold,Private,Geylang
2950000.0,1517.72,12,Leasehold,Private,Bukit Merah
1710000.0,958.0,10,Leasehold,Private,Bukit Merah
4800000.0,1905.23,13,Freehold,Private,Others
1468000.0,742.72,6,Freehold,Private,Bukit Timah
1068000.0,592.02,15,Freehold,HDB,Rochor
2320000.0,1140.98,9,Leasehold,Private,Marine Parade
3250000.0,1700.71,11,Freehold,Private,Bukit Timah
2120000.0,1334.74,19,Freehold,Private,Tanglin
2080000.0,968.76,1,Leasehold,Private,Bukit Timah
3970000.0,1420.85,2,Leasehold,Private,River Valley
2930000.0,1722.24,25,Freehold,Private,Bukit Timah
2750000.0,1367.03,2,Leasehold,Private,Toa Payoh
1570000.0,968.76,15,Freehold,HDB,Queenstown
1570000.0,947.23,28,Freehold,Private,Bukit Timah
1440000.0,624.31,10,Freehold,HDB,Bukit Merah
3960000.0,1646.89,15,Freehold,Private,Marine Parade
3800000.0,1733.0,19,Freehold,Private,Newton
1930000.0,1140.98,17,Leasehold,HDB,Bukit Timah
3250000.0,1506.96,9,Leasehold,Private,Marine Parade
4900000.0,1679.18,13,Freehold,Private,River Valley
1390000.0,850.36,25,Leasehold,Private,Bukit Merah
1680000.0,925.7,12,Leasehold,HDB,Toa Payoh
1768000.0,775.01,1,Leasehold,Private,Bishan
1670000.0,1173.28,24,Leasehold,HDB,Bukit Timah
1528888.0,796.54,7,Leasehold,Private,Bishan
2900000.0,1410.08,26,Freehold,Private,Bukit Timah
1330000.0,764.24,5,Leasehold,Private,Geylang
3880000.0,2045.16,9,Freehold,Private,Rochor
1220000.0,635.08,1,Leasehold,HDB,Toa Payoh
1988888.0,1108.69,1,Leasehold,Private,Toa Payoh
2950000.0,1356.26,33,Freehold,Private,Bukit Timah
1210000.0,635.08,1,Leasehold,HDB,Toa Payoh
4200000.0,2271.2,15,Leasehold,Private,Southern Islands
2910000.0,1571.54,10,Leasehold,Private,Geylang
830000.0,484.38,10,Leasehold,HDB,Geylang
1580000.0,893.41,16,Leasehold,Private,Kallang
950000.0,484.38,5,Leasehold,HDB,Bukit Merah
2840000.0,1506.96,25,Freehold,Private,Marine Parade
1825000.0,1108.69,12,Leasehold,Private,Bukit Merah
2060000.0,1463.9,27,Leasehold,Private,Kallang
2312888.0,1216.33,9,Leasehold,HDB,Bukit Timah
2015000.0,1528.49,28,Leasehold,Private,Bukit Timah
1502000.0,990.29,26,Leasehold,Private,Kallang
2050000.0,1377.79,22,Leasehold,Private,Bukit Merah
1830000.0,861.12,7,Leasehold,HDB,Bukit Merah
3580000.0,1797.59,26,Freehold,Private,Queenstown
1450000.0,850.36,7,Leasehold,Private,Toa Payoh
980000.0,495.14,7,Leasehold,Private,Bishan
2010000.0,1151.75,12,Leasehold,Private,Bukit Merah
4000000.0,2012.87,9,Leasehold,Private,Bukit Timah
1520000.0,818.06,7,Leasehold,HDB,Toa Payoh
2000000.0,1130.22,11,Freehold,Private,Bukit Timah
1900000.0,1097.93,11,Leasehold,Private,Toa Payoh
1270000.0,699.66,7,Leasehold,Private,Kallang
3490000.0,3326.08,38,Freehold,Private,Queenstown
2350000.0,1313.21,24,Leasehold,Private,Others
2710000.0,1474.67,10,Leasehold,Private,Bukit Merah
3128000.0,1829.88,26,Freehold,Private,Queenstown
2200000.0,1367.03,42,Freehold,Private,Bukit Timah
3300000.0,1711.48,9,Leasehold,Private,Bukit Timah
2250000.0,1216.33,6,Leasehold,HDB,Bukit Merah
1825000.0,947.23,26,Freehold,Private,Bukit Timah
5000000.0,2540.3,9,Leasehold,Private,Marine Parade
2550000.0,1743.77,12,Freehold,HDB,Bukit Timah
1000000.0,678.13,5,Leasehold,HDB,Geylang
4128000.0,2152.8,9,Leasehold,Private,Bukit Timah
4280000.0,2066.69,15,Freehold,Private,Bukit Timah
4300000.0,1765.3,13,Freehold,Private,Others
2350000.0,925.7,10,Freehold,HDB,Bukit Merah
2950000.0,1937.52,19,Freehold,HDB,Newton
7280000.0,2411.14,21,Freehold,Private,Tanglin
2026350.0,688.9,2,Freehold,Private,Bukit Timah
2480000.0,1044.11,1,Leasehold,Private,Bukit Timah
2000000.0,979.52,2,Leasehold,Private,Toa Payoh
2050000.0,1377.79,26,Leasehold,HDB,Kallang
3150000.0,1872.94,13,Freehold,HDB,Novena
1820000.0,1194.8,23,Leasehold,HDB,Queenstown
888000.0,505.91,1,Leasehold,HDB,Toa Payoh
2350000.0,1474.67,10,Leasehold,HDB,Bukit Merah
1420000.0,742.72,1,Leasehold,Private,Toa Payoh
3350000.0,1808.35,41,Freehold,Private,Marine Parade
2336350.0,828.83,2,Freehold,Private,Bukit Timah
1140000.0,624.31,6,Leasehold,Private,Geylang
2500000.0,1399.32,14,Leasehold,Private,Bukit Merah
1720000.0,1076.4,9,Leasehold,HDB,Bukit Timah
2300000.0,1571.54,19,Leasehold,Private,Bishan
3700000.0,1668.42,11,Freehold,Private,Bukit Timah
1010000.0,559.73,16,Leasehold,HDB,Kallang
920000.0,473.62,6,Freehold,Private,Novena
2550000.0,1205.57,19,Freehold,Private,Newton
1200000.0,742.72,5,Leasehold,Private,Geylang
3280000.0,1829.88,13,Leasehold,Private,Geylang
1086000.0,592.02,4,Leasehold,Private,Toa Payoh
1710000.0,850.36,5,Leasehold,Private,Rochor
880000.0,505.91,1,Leasehold,Private,Toa Payoh
1560000.0,764.24,5,Leasehold,HDB,Bukit Merah
1365000.0,699.66,1,Leasehold,HDB,Toa Payoh
3710000.0,1722.24,12,Leasehold,Private,Novena
1458000.0,861.12,11,Leasehold,HDB,Toa Payoh
2840000.0,1485.43,23,Freehold,Private,Toa Payoh
6710000.0,3035.45,23,Leasehold,Private,Kallang
2960000.0,1571.54,29,Freehold,Private,Tanglin
1808000.0,1194.8,21,Leasehold,HDB,Queenstown
1880000.0,968.76,9,Leasehold,Private,Marine Parade
1208000.0,742.72,7,Leasehold,HDB,Toa Payoh
3730000.0,1550.02,19,Freehold,Private,Tanglin
1500000.0,742.72,13,Leasehold,Private,Others
1848888.0,1173.28,17,Leasehold,Private,Southern Islands
1288000.0,635.08,2,Leasehold,Private,Toa Payoh
1935000.0,1323.97,28,Freehold,Private,Bukit Timah
1920000.0,1410.08,19,Leasehold,Private,Bukit Timah
2100000.0,979.52,11,Freehold,Private,Bukit Timah
1950000.0,1173.28,26,Freehold,Private,Queenstown
2335000.0,1420.85,16,Leasehold,Private,Rochor
1020000.0,473.62,6,Leasehold,Private,Queenstown
1780000.0,1259.39,18,Leasehold,Private,Kallang
1148000.0,624.31,10,Leasehold,Private,Geylang
1021021.0,462.85,5,Leasehold,Private,Rochor
1050000.0,592.02,9,Leasehold,HDB,Marine Parade
1430000.0,688.9,5,Leasehold,HDB,Rochor
2380000.0,1259.39,19,Leasehold,HDB,Novena
1230000.0,635.08,9,Leasehold,HDB,Bukit Timah
3450000.0,1550.02,11,Freehold,Private,Bukit Timah
1600000.0,753.48,6,Leasehold,Private,Queenstown
5250000.0,2680.24,10,Leasehold,Private,Others
1730000.0,1054.87,7,Leasehold,HDB,Toa Payoh
2610000.0,1474.67,10,Leasehold,Private,Bukit Merah
1930000.0,1108.69,19,Leasehold,Private,Marine Parade
1880000.0,861.12,8,Freehold,HDB,Tanglin
1600000.0,731.95,7,Leasehold,Private,Bukit Merah
1670000.0,947.23,8,Leasehold,HDB,Bishan
1710000.0,925.7,16,Leasehold,Private,Kallang
1758000.0,925.7,6,Freehold,Private,Bukit Timah
2000000.0,1001.05,15,Freehold,HDB,Rochor
2450000.0,1248.62,12,Leasehold,Private,Bishan
1880000.0,1011.82,10,Leasehold,Private,Bukit Merah
1540000.0,925.7,10,Freehold,Private,Novena
3232000.0,1539.25,36,Freehold,Private,Tanglin
1465000.0,678.13,9,Freehold,Private,Tanglin
1808000.0,861.12,8,Freehold,Private,Tanglin
925000.0,495.14,1,Leasehold,Private,Toa Payoh
2888000.0,1280.92,10,Freehold,Private,Marine Parade
1490000.0,1011.82,26,Leasehold,Private,Kallang
3070000.0,1474.67,8,Freehold,Private,Bukit Merah
930000.0,484.38,4,Leasehold,HDB,Toa Payoh
2788000.0,1323.97,14,Freehold,Private,Tanglin
1138888.0,613.55,1,Leasehold,Private,Toa Payoh
2832750.0,1259.39,13,Freehold,HDB,Marine Parade
4620000.0,1991.34,10,Freehold,HDB,Novena
3880000.0,1410.08,7,Freehold,HDB,Tanglin
2160000.0,947.23,14,Freehold,Private,River Valley
1950000.0,1216.33,19,Leasehold,Private,Kallang
3500000.0,1539.25,16,Freehold,Private,Novena
880000.0,495.14,1,Leasehold,Private,Toa Payoh
2355000.0,1248.62,4,Leasehold,HDB,Toa Payoh
1770000.0,1011.82,7,Freehold,Private,Queenstown
2500000.0,1237.86,19,Leasehold,Private,Novena
1188000.0,613.55,1,Leasehold,HDB,Toa Payoh
3810000.0,1980.58,9,Leasehold,Private,Bukit Timah
4500000.0,2055.92,9,Freehold,Private,Marine Parade
5500000.0,2712.53,13,Freehold,Private,Toa Payoh
1845000.0,1248.62,26,Leasehold,Private,Queenstown
2318000.0,1280.92,19,Leasehold,Private,Bukit Merah
3000000.0,1270.15,13,Freehold,HDB,Bukit Merah
1410000.0,699.66,5,Leasehold,HDB,Rochor
1950000.0,1033.34,16,Leasehold,Private,Bukit Merah
1930000.0,1334.74,26,Leasehold,Private,Kallang
2830000.0,1399.32,25,Freehold,Private,Bukit Timah
4150000.0,1905.23,10,Leasehold,Private,Southern Islands
911800.0,592.02,7,Leasehold,HDB,Kallang
1680000.0,893.41,16,Leasehold,HDB,Kallang
1430000.0,710.42,5,Leasehold,Private,Rochor
1800000.0,1022.58,19,Leasehold,HDB,Kallang
1170000.0,527.44,1,Leasehold,Private,Bishan
1128000.0,505.91,5,Leasehold,Private,Rochor
1525000.0,818.06,6,Leasehold,Private,Geylang
1600000.0,1033.34,25,Freehold,Private,Bukit Timah
3868000.0,1786.82,26,Freehold,Private,Bukit Timah
2560000.0,1442.38,30,Freehold,Private,Kallang
2575000.0,1474.67,26,Leasehold,Private,Kallang
4018000.0,1496.2,15,Freehold,Private,River Valley
1580000.0,731.95,5,Leasehold,HDB,Rochor
900000.0,527.44,7,Leasehold,Private,Toa Payoh
2400000.0,1216.33,26,Freehold,HDB,Tanglin
1519999.0,861.12,7,Leasehold,Private,Toa Payoh
1378000.0,688.9,1,Leasehold,Private,Toa Payoh
3885000.0,2142.04,31,Freehold,Private,Kallang
1400000.0,678.13,7,Leasehold,HDB,Bishan
1840000.0,1033.34,6,Leasehold,Private,Geylang
1950000.0,1506.96,29,Leasehold,Private,Bishan
1600000.0,807.3,3,Leasehold,Private,Queenstown
2500000.0,1194.8,5,Leasehold,Private,Bukit Merah
2650000.0,1517.72,12,Leasehold,HDB,Bukit Merah
1400000.0,710.42,1,Leasehold,Private,Bukit Timah
2570000.0,1087.16,11,Freehold,Private,Novena
1330000.0,968.76,23,Leasehold,Private,Bishan
2765888.0,1453.14,9,Leasehold,HDB,Bukit Timah
1370000.0,925.7,25,Freehold,HDB,Bukit Timah
2288000.0,1679.18,15,Freehold,Private,Queenstown
1788888.0,958.0,19,Leasehold,Private,Novena
1350000.0,635.08,2,Leasehold,Private,Toa Payoh
1510000.0,1216.33,22,Leasehold,HDB,Geylang
2500000.0,1259.39,19,Leasehold,Private,Novena
2680000.0,1216.33,26,Freehold,Private,Tanglin
15500000.0,4424.0,10,Freehold,Private,River Valley
1830000.0,979.52,9,Leasehold,Private,Marine Parade
1800000.0,1011.82,4,Leasehold,Private,Toa Payoh
1338000.0,850.36,7,Leasehold,Private,Bishan
5555000.0,3121.56,39,Freehold,Private,Bukit Timah
858000.0,462.85,6,Freehold,HDB,Bukit Timah
1830000.0,1076.4,9,Leasehold,Private,Bukit Timah
970000.0,441.32,3,Leasehold,HDB,Queenstown
1788000.0,958.0,19,Leasehold,Private,Novena
2470000.0,1420.85,26,Freehold,HDB,Queenstown
2800000.0,1399.32,9,Leasehold,Private,Bukit Timah
2190000.0,1140.98,7,Leasehold,Private,Bishan
3252000.0,1894.46,12,Leasehold,Private,Bukit Merah
2900000.0,1237.86,19,Freehold,Private,Newton
9500000.0,3745.87,8,Freehold,Private,Bukit Timah
1510000.0,828.83,7,Leasehold,HDB,Toa Payoh
1620000.0,968.76,8,Leasehold,Private,Bishan
1880000.0,1377.79,28,Leasehold,Private,Bukit Timah
3050000.0,1248.62,33,Freehold,Private,Tanglin
1050000.0,559.73,15,Freehold,Private,Rochor
2200000.0,936.47,14,Freehold,HDB,River Valley
970000.0,452.09,7,Leasehold,Private,Bukit Merah
2950000.0,1463.9,34,Freehold,Private,Tanglin
2300000.0,1367.03,8,Leasehold,Private,Bishan
980000.0,484.38,7,Leasehold,Private,Bishan
1700000.0,1194.8,19,Leasehold,Private,Geylang
4000000.0,2142.04,31,Freehold,Private,Kallang
2835000.0,1442.38,19,Freehold,Private,Marine Parade
1920000.0,904.18,6,Leasehold,Private,Queenstown
12680000.0,4111.85,14,Freehold,Private,Newton
2330000.0,1237.86,26,Freehold,HDB,Tanglin
1720000.0,1054.87,10,Leasehold,Private,Bukit Merah
773000.0,398.27,13,Freehold,Private,Queenstown
1200000.0,699.66,7,Leasehold,HDB,Kallang
1820000.0,807.3,5,Leasehold,Private,Bukit Merah
1512300.0,710.42,1,Leasehold,Private,Bukit Timah
2650000.0,1646.89,26,Leasehold,Private,Kallang
2360000.0,1162.51,12,Freehold,Private,Marine Parade
1900000.0,861.12,5,Leasehold,Private,Bukit Merah
1740000.0,1011.82,12,Leasehold,Private,Bukit Merah
1950000.0,1011.82,1,Leasehold,Private,Toa Payoh
2530000.0,1399.32,25,Freehold,HDB,Bukit Timah
10000000.0,4725.4,7,Leasehold,Private,Bukit Merah
1610000.0,979.52,23,Leasehold,Private,Bishan
2186000.0,775.01,2,Freehold,Private,Bukit Timah
1340000.0,688.9,1,Leasehold,Private,Toa Payoh
2250000.0,1786.82,7,Leasehold,HDB,Toa Payoh
5100000.0,1733.0,2,Leasehold,Private,River Valley
1630000.0,1270.15,29,Leasehold,Private,Bishan
1550000.0,871.88,2,Leasehold,HDB,Toa Payoh
1142888.0,667.37,2,Leasehold,Private,Toa Payoh
938000.0,452.09,7,Leasehold,Private,Bukit Merah
1700000.0,904.18,16,Leasehold,Private,Bukit Merah
2920000.0,1496.2,5,Leasehold,Private,Rochor
2150000.0,1399.32,14,Leasehold,Private,Bukit Merah
2850000.0,1291.68,8,Freehold,HDB,Tanglin
1200000.0,656.6,7,Leasehold,Private,Toa Payoh
3138000.0,1711.48,13,Leasehold,Private,Southern Islands
2230000.0,882.65,2,Leasehold,Private,River Valley
3850000.0,1603.84,13,Freehold,Private,Marine Parade
1810000.0,1162.51,9,Freehold,Private,Kallang
2145000.0,1140.98,10,Leasehold,HDB,Geylang
1200000.0,645.84,1,Leasehold,Private,Toa Payoh
1680000.0,936.47,24,Freehold,Private,Novena
2050000.0,936.47,11,Freehold,Private,Bukit Timah
1800000.0,904.18,19,Leasehold,HDB,Bukit Merah
5000000.0,1969.81,19,Freehold,Private,Newton
3200000.0,1463.9,12,Leasehold,Private,Novena
5050000.0,2023.63,13,Freehold,Private,Marine Parade
2475000.0,1431.61,40,Freehold,HDB,Bukit Timah
3200000.0,1614.6,9,Leasehold,Private,Bukit Timah
2013350.0,721.19,2,Freehold,Private,Bukit Timah
2750000.0,1259.39,29,Freehold,Private,Tanglin
1680000.0,764.24,1,Leasehold,Private,Bishan
3020000.0,1765.3,26,Freehold,Private,Queenstown
1445000.0,699.66,5,Leasehold,Private,Rochor
1575000.0,764.24,1,Leasehold,Private,Bishan
3100000.0,1431.61,21,Leasehold,Private,Tanglin
1470000.0,785.77,9,Leasehold,Private,Bukit Timah
1650000.0,936.47,4,Leasehold,HDB,Toa Payoh
4400000.0,3670.52,18,Freehold,Private,Bukit Timah
1390000.0,688.9,6,Leasehold,Private,Queenstown
2380000.0,882.65,2,Leasehold,Private,River Valley
805000.0,441.32,6,Leasehold,HDB,Geylang
1120000.0,818.06,7,Leasehold,Private,Kallang
2100000.0,1377.79,12,Freehold,Private,Bukit Timah
2450000.0,1797.59,43,Leasehold,HDB,Bukit Timah
3150000.0,2174.33,13,Leasehold,Private,Southern Islands
2430000.0,1280.92,17,Freehold,Private,Novena
1250000.0,968.76,26,Leasehold,Private,Queenstown
1800000.0,1065.64,13,Freehold,Private,Marine Parade
5088000.0,2012.87,19,Freehold,Private,Newton
2850000.0,1474.67,9,Leasehold,Private,Bukit Timah
1720000.0,731.95,13,Leasehold,Private,Others
3400000.0,2055.92,14,Leasehold,Private,Southern Islands
1760000.0,1173.28,18,Leasehold,Private,Bukit Merah
2700000.0,1323.97,19,Freehold,Private,Tanglin
1785888.0,1302.44,19,Leasehold,Private,Geylang
2320000.0,1291.68,12,Leasehold,HDB,Bishan
1100000.0,656.6,9,Leasehold,Private,Bukit Timah
1938000.0,1259.39,18,Leasehold,Private,Kallang
960000.0,430.56,3,Leasehold,HDB,Queenstown
1800000.0,1022.58,13,Freehold,HDB,Geylang
3280000.0,1980.58,37,Freehold,Private,Bukit Merah
6480000.0,3562.88,9,Freehold,Private,Novena
2360000.0,882.65,10,Freehold,Private,Newton
2860000.0,1528.49,13,Freehold,HDB,Novena
2825000.0,1388.56,7,Leasehold,Private,Tanglin
1960000.0,1151.75,22,Leasehold,HDB,Bukit Merah
1200000.0,624.31,1,Leasehold,Private,Toa Payoh
1290000.0,753.48,10,Leasehold,Private,Geylang
935000.0,495.14,5,Leasehold,Private,Bukit Merah
1408000.0,850.36,5,Leasehold,HDB,Geylang
6100000.0,1980.58,13,Leasehold,Private,Others
1345000.0,968.76,23,Leasehold,Private,Queenstown
2280000.0,1011.82,0,Leasehold,Private,Bukit Timah
2380000.0,1216.33,10,Freehold,Private,Novena
1400000.0,581.26,16,Freehold,HDB,River Valley
3280000.0,2055.92,26,Leasehold,Private,Kallang
1823000.0,635.08,2,Freehold,Private,Bukit Timah
1876000.0,1022.58,6,Leasehold,Private,Geylang
2718000.0,1313.21,7,Leasehold,Private,Bukit Merah
2988000.0,1280.92,9,Freehold,Private,Marine Parade
1300000.0,828.83,20,Leasehold,HDB,Kallang
3300000.0,1851.41,10,Leasehold,HDB,Bukit Merah
1200000.0,656.6,9,Leasehold,Private,Bukit Timah
1228000.0,570.49,5,Leasehold,Private,Rochor
1750000.0,1097.93,7,Leasehold,Private,Toa Payoh
3000000.0,1646.89,19,Leasehold,Private,Bukit Merah
1380000.0,1033.34,24,Leasehold,Private,Bukit Timah
1499000.0,1022.58,27,Freehold,Private,Queenstown
2020000.0,1280.92,10,Leasehold,Private,Geylang
3000000.0,1345.5,15,Freehold,HDB,Marine Parade
1938000.0,1205.57,30,Leasehold,HDB,Bukit Merah
3990000.0,2142.04,31,Freehold,Private,Kallang
3838000.0,2023.63,14,Leasehold,Private,Southern Islands
2950000.0,1313.21,20,Freehold,HDB,Bukit Timah
1130000.0,667.37,6,Leasehold,Private,Geylang
2600000.0,1151.75,5,Leasehold,Private,Bukit Merah
1338000.0,635.08,9,Leasehold,Private,Bukit Timah
1635000.0,839.59,14,Freehold,HDB,Kallang
2400000.0,1140.98,24,Freehold,Private,River Valley
2900000.0,1237.86,14,Freehold,Private,Tanglin
2840000.0,1722.24,16,Freehold,HDB,Toa Payoh
1860000.0,958.0,14,Freehold,Private,Novena
2600000.0,1280.92,25,Freehold,Private,Bukit Timah
1820000.0,1528.49,25,Leasehold,Private,Geylang
1275000.0,688.9,1,Leasehold,HDB,Toa Payoh
2200000.0,1259.39,12,Leasehold,Private,Southern Islands
2230000.0,1044.11,11,Freehold,Private,Bukit Timah
3800000.0,1517.72,11,Freehold,Private,Novena
2200000.0,1302.44,17,Freehold,Private,Queenstown
1183000.0,570.49,27,Freehold,Private,Others
3950000.0,3089.27,45,Freehold,Private,Bukit Timah
1750000.0,968.76,7,Leasehold,Private,Toa Payoh
4199000.0,1905.23,10,Leasehold,Private,Southern Islands
2600000.0,1356.26,20,Freehold,Private,Bukit Timah
5750000.0,2712.53,13,Freehold,Private,Toa Payoh
1838000.0,1194.8,18,Freehold,Private,Geylang
1870000.0,775.01,8,Freehold,HDB,Tanglin
2140000.0,1259.39,10,Leasehold,Private,Geylang
2280000.0,1216.33,9,Leasehold,Private,Bukit Timah
1800000.0,979.52,19,Leasehold,Private,Novena
2400000.0,1291.68,15,Freehold,Private,Kallang
3600000.0,1668.42,32,Freehold,Private,Marine Parade
1120000.0,602.78,9,Leasehold,Private,Bukit Timah
2300000.0,882.65,10,Freehold,Private,Newton
1768000.0,1291.68,26,Leasehold,Private,Queenstown
3100000.0,1291.68,11,Freehold,Private,Bukit Timah
1485000.0,699.66,5,Leasehold,Private,Rochor
3330000.0,1711.48,9,Leasehold,Private,Bukit Timah
845000.0,462.85,8,Freehold,HDB,Geylang
3638000.0,1582.31,18,Freehold,Private,Bukit Timah
4160000.0,1840.64,9,Freehold,Private,Novena
5168000.0,3304.55,34,Freehold,Private,Tanglin
2420000.0,1044.11,1,Leasehold,HDB,Bukit Timah
2368000.0,828.83,2,Freehold,Private,Bukit Timah
2180000.0,958.0,13,Freehold,Private,Bukit Merah
918000.0,441.32,6,Leasehold,Private,Queenstown
1800000.0,1022.58,7,Freehold,Private,Queenstown
2528880.0,1506.96,12,Freehold,Private,Queenstown
1350000.0,667.37,1,Leasehold,HDB,Bukit Timah
1400000.0,721.19,16,Leasehold,Private,Kallang
1970000.0,1227.1,19,Leasehold,Private,Kallang
2188000.0,1883.7,18,Freehold,Private,Queenstown
2270000.0,1356.26,19,Leasehold,Private,Bukit Merah
3550000.0,1819.12,11,Freehold,Private,Bukit Timah
1818000.0,828.83,8,Freehold,Private,Bukit Merah
1400000.0,688.9,6,Leasehold,Private,Queenstown
5150000.0,2744.82,26,Leasehold,Private,Kallang
1530000.0,731.95,7,Freehold,Private,Marine Parade
2030000.0,1463.9,19,Leasehold,Private,Bukit Timah
1080000.0,592.02,4,Leasehold,Private,Toa Payoh
1600000.0,839.59,17,Leasehold,Private,Bukit Merah
2440000.0,1420.85,16,Leasehold,Private,Kallang
2200000.0,1356.26,19,Leasehold,Private,Kallang
2960000.0,1582.31,14,Freehold,Private,Bukit Timah
960000.0,581.26,7,Leasehold,Private,Toa Payoh
1170000.0,645.84,1,Leasehold,HDB,Toa Payoh
1480000.0,893.41,12,Leasehold,Private,Bukit Merah
2370000.0,1313.21,19,Leasehold,Private,Bukit Merah
3250000.0,2055.92,26,Leasehold,Private,Kallang
3500000.0,3056.98,17,Leasehold,Private,Southern Islands
2380000.0,1356.26,16,Leasehold,Private,Kallang
2180000.0,1216.33,7,Leasehold,HDB,Kallang
2390000.0,1603.84,12,Leasehold,HDB,Toa Payoh
1500000.0,764.24,1,Leasehold,Private,Bishan
1008888.0,462.85,2,Leasehold,Private,Toa Payoh
3170000.0,1603.84,9,Leasehold,Private,Bukit Timah
1480000.0,850.36,7,Leasehold,Private,Toa Payoh
1185000.0,516.67,1,Leasehold,Private,Bukit Timah
1580000.0,731.95,7,Leasehold,Private,Bukit Merah
1760000.0,1044.11,25,Leasehold,Private,Bukit Merah
4818000.0,2787.88,12,Leasehold,Private,Southern Islands
3220000.0,1668.42,30,Freehold,Private,Tanglin
1725000.0,979.52,12,Leasehold,HDB,Bukit Merah
2388000.0,1291.68,4,Leasehold,Private,Kallang
1930000.0,1130.22,12,Leasehold,HDB,Bukit Merah
3500000.0,1808.35,41,Freehold,Private,Marine Parade
2150000.0,1097.93,1,Leasehold,HDB,Toa Payoh
1680000.0,936.47,4,Leasehold,HDB,Toa Payoh
2868000.0,1356.26,14,Freehold,Private,Bukit Timah
1018000.0,570.49,7,Leasehold,HDB,Toa Payoh
898888.0,419.8,4,Leasehold,HDB,Kallang
2560000.0,1173.28,18,Leasehold,Private,Newton
2540000.0,1001.05,9,Freehold,Private,Tanglin
1675000.0,1291.68,29,Leasehold,Private,Bishan
3250000.0,1410.08,9,Freehold,Private,Novena
1415200.0,710.42,1,Leasehold,HDB,Bukit Timah
3050000.0,1829.88,31,Freehold,Private,Bukit Timah
2500000.0,1367.03,8,Leasehold,Private,Bishan
1444608.0,1216.33,22,Leasehold,Private,Geylang
3138000.0,1829.88,26,Freehold,Private,Queenstown
1250000.0,678.13,4,Leasehold,HDB,Toa Payoh
1240000.0,635.08,9,Leasehold,Private,Bukit Timah
1400000.0,828.83,11,Leasehold,Private,Toa Payoh
2408000.0,1184.04,26,Freehold,Private,Tanglin
13008888.0,2884.75,22,Freehold,Private,Newton
5508000.0,2712.53,10,Leasehold,Private,Southern Islands
1750000.0,828.83,8,Freehold,HDB,Bukit Merah
2775000.0,1227.1,13,Leasehold,Private,Others
1820000.0,1054.87,12,Leasehold,HDB,Bukit Merah
2200000.0,1345.5,8,Leasehold,Private,Bishan
3000000.0,1291.68,1,Leasehold,Private,Bukit Timah
3630000.0,1689.95,15,Freehold,Private,Novena
1935000.0,1140.98,22,Leasehold,HDB,Bukit Merah
6477000.0,3175.38,33,Freehold,Private,Tanglin
7350000.0,2680.24,12,Freehold,Private,River Valley
2300000.0,1216.33,9,Leasehold,Private,Bukit Timah
1500000.0,1248.62,24,Leasehold,Private,Bukit Timah
2420000.0,1054.87,3,Leasehold,Private,Queenstown
840000.0,419.8,4,Leasehold,Private,Kallang
800000.0,441.32,6,Freehold,HDB,Bukit Timah
2600000.0,1399.32,24,Freehold,Private,Toa Payoh
880000.0,527.44,7,Leasehold,Private,Toa Payoh
3000000.0,1894.46,26,Leasehold,Private,Kallang
1720000.0,925.7,10,Freehold,Private,Novena
1918000.0,1205.57,19,Leasehold,Private,Bishan
965000.0,452.09,8,Freehold,Private,Tanglin
11100000.0,2884.75,22,Freehold,Private,Newton
2750000.0,1528.49,13,Freehold,HDB,Novena
1720000.0,1108.69,11,Freehold,Private,Kallang
950000.0,462.85,6,Leasehold,Private,Queenstown
7696000.0,2475.72,9,Freehold,Private,Newton
790000.0,441.32,6,Leasehold,HDB,Geylang
2128000.0,1291.68,12,Leasehold,Private,Bishan
3639000.0,1722.24,10,Leasehold,Private,Southern Islands
1595000.0,1033.34,25,Freehold,HDB,Bukit Timah
3050000.0,1517.72,7,Leasehold,Private,Bukit Merah
2325000.0,1291.68,19,Leasehold,HDB,Marine Parade
2100000.0,1022.58,2,Leasehold,HDB,Toa Payoh
2480000.0,1216.33,0,Leasehold,Private,Bukit Timah
1650000.0,1022.58,8,Leasehold,Private,Bishan
2150000.0,1108.69,1,Leasehold,Private,Toa Payoh
1150000.0,462.85,9,Freehold,Private,Novena
2050000.0,1323.97,6,Leasehold,Private,Geylang
4930000.0,2012.87,13,Freehold,Private,River Valley
1518000.0,1044.11,19,Leasehold,HDB,Geylang
1310000.0,785.77,6,Leasehold,HDB,Geylang
1470000.0,871.88,22,Leasehold,HDB,Bukit Merah
3450000.0,1743.77,6,Leasehold,Private,Bukit Merah
2080000.0,1162.51,17,Leasehold,Private,Bukit Timah
2650000.0,1044.11,11,Freehold,Private,Novena
1900000.0,1162.51,22,Leasehold,HDB,Bukit Merah
1980000.0,1291.68,27,Leasehold,HDB,Bukit Timah
3200000.0,1872.94,13,Freehold,Private,Novena
9800000.0,2841.7,12,Freehold,Private,River Valley
14000000.0,3476.77,12,Freehold,Private,Tanglin
18000000.0,7556.33,40,Freehold,Private,Tanglin
4650000.0,2109.74,13,Freehold,Private,Marine Parade
2480000.0,1227.1,15,Freehold,Private,Bukit Timah
1350000.0,753.48,1,Leasehold,Private,Toa Payoh
5509000.0,2508.01,10,Leasehold,Private,Southern Islands
960000.0,430.56,3,Leasehold,Private,Queenstown
7200000.0,2281.97,15,Freehold,Private,River Valley
980000.0,452.09,7,Leasehold,Private,Bukit Merah
2650000.0,1442.38,30,Freehold,Private,Kallang
2460000.0,1162.51,12,Freehold,Private,Marine Parade
1200000.0,699.66,6,Leasehold,Private,Geylang
4165000.0,1851.41,26,Freehold,Private,Tanglin
1490000.0,699.66,6,Leasehold,HDB,Queenstown
3780000.0,2142.04,31,Freehold,Private,Kallang
955000.0,505.91,1,Leasehold,Private,Toa Payoh
1830000.0,1011.82,27,Leasehold,Private,Tanglin
2538000.0,1410.08,16,Leasehold,Private,Kallang
1500000.0,796.54,6,Leasehold,Private,Queenstown
2050000.0,1001.05,19,Freehold,Private,Tanglin
4461000.0,2174.33,12,Leasehold,Private,Southern Islands
3550000.0,1517.72,15,Freehold,Private,Marine Parade
2020000.0,1410.08,19,Leasehold,Private,Bukit Timah
4000000.0,2228.15,27,Freehold,Private,Tanglin
2415000.0,1388.56,27,Leasehold,Private,Tanglin
1850000.0,1108.69,19,Leasehold,Private,Marine Parade
2800000.0,1733.0,14,Leasehold,Private,Bukit Merah
2700000.0,1528.49,13,Freehold,Private,Novena
8680000.0,4014.97,18,Leasehold,Private,Newton
1710000.0,850.36,5,Leasehold,Private,Rochor
1180000.0,699.66,7,Leasehold,Private,Kallang
4150000.0,2411.14,30,Freehold,Private,Kallang
1695000.0,1033.34,7,Leasehold,Private,Toa Payoh
1830000.0,1033.34,7,Leasehold,Private,Toa Payoh
2350000.0,1377.79,12,Leasehold,HDB,Bukit Merah
3180000.0,1474.67,27,Freehold,Private,Marine Parade
2788000.0,1582.31,25,Freehold,Private,Marine Parade
2288888.0,1248.62,12,Leasehold,Private,Bishan
3600000.0,1571.54,13,Freehold,Private,Newton
1200000.0,667.37,2,Leasehold,Private,Toa Payoh
3200000.0,1668.42,24,Freehold,Private,River Valley
2475000.0,1474.67,10,Leasehold,HDB,Bukit Merah
2888000.0,1603.84,9,Leasehold,Private,Bukit Timah
3120000.0,1474.67,27,Freehold,Private,Marine Parade
14080000.0,7717.79,37,Freehold,Private,River Valley
1550000.0,699.66,5,Leasehold,HDB,Rochor
2300000.0,1313.21,19,Leasehold,Private,Marine Parade
5744700.0,2508.01,10,Leasehold,Private,Southern Islands
7350000.0,2647.94,8,Freehold,Private,Bukit Timah
2300000.0,1044.11,25,Freehold,Private,River Valley
